{
  "timestamp": "2025-11-25T17:48:52+00:00",
  "position": {
    "quantity": 0.156000,
    "entry_price": 2936.7756,
    "mark_price": 2937.5900,
    "unrealized_pnl": 0.1270
  },
  "balance": {
    "total": 199.43184190,
    "available": 143.19531112
  },
  "statistics": {
    "total_orders": 1266,
    "filled_orders": 627,
    "risk_triggers": 334
  }
}
