{
  "timestamp": "2025-11-25T22:15:02+00:00",
  "position": {
    "quantity": 0.168000,
    "entry_price": 2911.6842,
    "mark_price": 2910.1400,
    "unrealized_pnl": -0.2594
  },
  "balance": {
    "total": 205.22097787,
    "available": 155.98215647
  },
  "statistics": {
    "total_orders": 1266,
    "filled_orders": 627,
    "risk_triggers": 334
  }
}
