{
  "timestamp": "2025-11-26T06:06:22+00:00",
  "position": {
    "quantity": 0.045000,
    "entry_price": 2946.2880,
    "mark_price": 2945.9831,
    "unrealized_pnl": -0.0137
  },
  "balance": {
    "total": 195.80955638,
    "available": 182.51852246
  },
  "statistics": {
    "total_orders": 1266,
    "filled_orders": 627,
    "risk_triggers": 334
  }
}
