{
  "timestamp": "2025-11-25T18:26:19+00:00",
  "position": {
    "quantity": -0.120000,
    "entry_price": 2948.3852,
    "mark_price": 2944.7300,
    "unrealized_pnl": 0.4386
  },
  "balance": {
    "total": 200.99556110,
    "available": 158.94937125
  },
  "statistics": {
    "total_orders": 1266,
    "filled_orders": 627,
    "risk_triggers": 334
  }
}
