{
  "timestamp": "2025-11-25T20:47:25+00:00",
  "position": {
    "quantity": 0.132000,
    "entry_price": 2933.9603,
    "mark_price": 2934.6300,
    "unrealized_pnl": 0.0884
  },
  "balance": {
    "total": 202.74981611,
    "available": 153.49081162
  },
  "statistics": {
    "total_orders": 1266,
    "filled_orders": 627,
    "risk_triggers": 334
  }
}
