{
  "timestamp": "2025-11-25T16:05:58+00:00",
  "position": {
    "quantity": 0.018000,
    "entry_price": 2893.7606,
    "mark_price": 2894.4474,
    "unrealized_pnl": 0.0124
  },
  "balance": {
    "total": 89.94427881,
    "available": 68.25472856
  },
  "statistics": {
    "total_orders": 1266,
    "filled_orders": 627,
    "risk_triggers": 334
  }
}
