{
  "timestamp": "2025-11-26T03:21:36+00:00",
  "position": {
    "quantity": -0.288000,
    "entry_price": 2928.9483,
    "mark_price": 2959.5373,
    "unrealized_pnl": -8.8096
  },
  "balance": {
    "total": 206.08162694,
    "available": 111.48814301
  },
  "statistics": {
    "total_orders": 1266,
    "filled_orders": 627,
    "risk_triggers": 334
  }
}
