{
  "timestamp": "2025-11-25T21:11:43+00:00",
  "position": {
    "quantity": 0.168000,
    "entry_price": 2929.8396,
    "mark_price": 2927.3827,
    "unrealized_pnl": -0.4128
  },
  "balance": {
    "total": 202.94775310,
    "available": 153.33939233
  },
  "statistics": {
    "total_orders": 1266,
    "filled_orders": 627,
    "risk_triggers": 334
  }
}
