{
  "timestamp": "2025-11-25T21:21:35+00:00",
  "position": {
    "quantity": 0.120000,
    "entry_price": 2931.7799,
    "mark_price": 2932.0900,
    "unrealized_pnl": 0.0372
  },
  "balance": {
    "total": 203.37213989,
    "available": 150.64398596
  },
  "statistics": {
    "total_orders": 1266,
    "filled_orders": 627,
    "risk_triggers": 334
  }
}
