{
  "timestamp": "2025-11-25T21:24:47+00:00",
  "position": {
    "quantity": -0.012000,
    "entry_price": 2934.8100,
    "mark_price": 2934.8863,
    "unrealized_pnl": -0.0009
  },
  "balance": {
    "total": 203.50015262,
    "available": 122.26884114
  },
  "statistics": {
    "total_orders": 1266,
    "filled_orders": 627,
    "risk_triggers": 334
  }
}
