{
  "timestamp": "2025-11-25T21:31:38+00:00",
  "position": {
    "quantity": -0.048000,
    "entry_price": 2936.1249,
    "mark_price": 2936.7800,
    "unrealized_pnl": -0.0314
  },
  "balance": {
    "total": 203.74909599,
    "available": 133.07080249
  },
  "statistics": {
    "total_orders": 1266,
    "filled_orders": 627,
    "risk_triggers": 334
  }
}
