{
  "timestamp": "2025-11-26T03:00:21+00:00",
  "position": {
    "quantity": -0.288000,
    "entry_price": 2928.9483,
    "mark_price": 2954.4500,
    "unrealized_pnl": -7.3445
  },
  "balance": {
    "total": 206.08162694,
    "available": 113.64898693
  },
  "statistics": {
    "total_orders": 1266,
    "filled_orders": 627,
    "risk_triggers": 334
  }
}
