{
  "timestamp": "2025-11-25T18:13:20+00:00",
  "position": {
    "quantity": -0.060000,
    "entry_price": 2946.3837,
    "mark_price": 2945.1266,
    "unrealized_pnl": 0.0754
  },
  "balance": {
    "total": 200.75983965,
    "available": 161.91258244
  },
  "statistics": {
    "total_orders": 1266,
    "filled_orders": 627,
    "risk_triggers": 334
  }
}
