{
  "timestamp": "2025-11-25T19:09:45+00:00",
  "position": {
    "quantity": 0.228000,
    "entry_price": 2930.8561,
    "mark_price": 2895.9000,
    "unrealized_pnl": -7.9700
  },
  "balance": {
    "total": 201.59940279,
    "available": 127.60289998
  },
  "statistics": {
    "total_orders": 1266,
    "filled_orders": 627,
    "risk_triggers": 334
  }
}
