{
  "timestamp": "2025-11-26T05:49:13+00:00",
  "position": {
    "quantity": -0.252000,
    "entry_price": 2939.1205,
    "mark_price": 2941.5479,
    "unrealized_pnl": -0.6117
  },
  "balance": {
    "total": 197.81194477,
    "available": 122.79821899
  },
  "statistics": {
    "total_orders": 1266,
    "filled_orders": 627,
    "risk_triggers": 334
  }
}
