{
  "timestamp": "2025-11-25T15:32:30+00:00",
  "position": {
    "quantity": -0.048000,
    "entry_price": 2894.1582,
    "mark_price": 2895.5035,
    "unrealized_pnl": -0.0646
  },
  "balance": {
    "total": 90.32803782,
    "available": 76.35075027
  },
  "statistics": {
    "total_orders": 1266,
    "filled_orders": 627,
    "risk_triggers": 334
  }
}
