{
  "timestamp": "2025-11-25T14:09:16+00:00",
  "position": {
    "quantity": 0.008000,
    "entry_price": 2910.0212,
    "mark_price": 2908.1559,
    "unrealized_pnl": -0.0149
  },
  "balance": {
    "total": 92.68822279,
    "available": 90.33968810
  },
  "statistics": {
    "total_orders": 1266,
    "filled_orders": 627,
    "risk_triggers": 334
  }
}
