{
  "timestamp": "2025-11-25T16:56:12+00:00",
  "position": {
    "quantity": 0.000000,
    "entry_price": 0.0000,
    "mark_price": 2922.8400,
    "unrealized_pnl": 0.0000
  },
  "balance": {
    "total": 89.26113449,
    "available": 56.42477849
  },
  "statistics": {
    "total_orders": 1266,
    "filled_orders": 627,
    "risk_triggers": 334
  }
}
