{
  "timestamp": "2025-11-25T16:33:55+00:00",
  "position": {
    "quantity": -0.024000,
    "entry_price": 2930.7886,
    "mark_price": 2928.5103,
    "unrealized_pnl": 0.0547
  },
  "balance": {
    "total": 89.21240336,
    "available": 75.19954782
  },
  "statistics": {
    "total_orders": 1266,
    "filled_orders": 627,
    "risk_triggers": 334
  }
}
