{
  "timestamp": "2025-11-26T00:57:57+00:00",
  "position": {
    "quantity": -0.288000,
    "entry_price": 2928.9483,
    "mark_price": 2950.3700,
    "unrealized_pnl": -6.1694
  },
  "balance": {
    "total": 206.08162694,
    "available": 114.90034694
  },
  "statistics": {
    "total_orders": 1266,
    "filled_orders": 627,
    "risk_triggers": 334
  }
}
