{
  "timestamp": "2025-11-25T19:52:21+00:00",
  "position": {
    "quantity": 0.228000,
    "entry_price": 2930.8561,
    "mark_price": 2911.4980,
    "unrealized_pnl": -4.4136
  },
  "balance": {
    "total": 201.59940279,
    "available": 130.77214600
  },
  "statistics": {
    "total_orders": 1266,
    "filled_orders": 627,
    "risk_triggers": 334
  }
}
