{
  "timestamp": "2025-11-25T22:07:59+00:00",
  "position": {
    "quantity": 0.144000,
    "entry_price": 2916.6385,
    "mark_price": 2914.7900,
    "unrealized_pnl": -0.2662
  },
  "balance": {
    "total": 205.50726368,
    "available": 159.30271549
  },
  "statistics": {
    "total_orders": 1266,
    "filled_orders": 627,
    "risk_triggers": 334
  }
}
