{
  "timestamp": "2025-11-26T01:21:20+00:00",
  "position": {
    "quantity": -0.288000,
    "entry_price": 2928.9483,
    "mark_price": 2951.0000,
    "unrealized_pnl": -6.3509
  },
  "balance": {
    "total": 206.08162694,
    "available": 114.74194694
  },
  "statistics": {
    "total_orders": 1266,
    "filled_orders": 627,
    "risk_triggers": 334
  }
}
