{
  "timestamp": "2025-11-26T05:16:50+00:00",
  "position": {
    "quantity": -0.270000,
    "entry_price": 2931.1172,
    "mark_price": 2937.5909,
    "unrealized_pnl": -1.7479
  },
  "balance": {
    "total": 200.01916923,
    "available": 118.75947086
  },
  "statistics": {
    "total_orders": 1266,
    "filled_orders": 627,
    "risk_triggers": 334
  }
}
