{
  "timestamp": "2025-11-25T19:19:55+00:00",
  "position": {
    "quantity": 0.228000,
    "entry_price": 2930.8561,
    "mark_price": 2881.8100,
    "unrealized_pnl": -11.1825
  },
  "balance": {
    "total": 201.59940279,
    "available": 124.71163199
  },
  "statistics": {
    "total_orders": 1266,
    "filled_orders": 627,
    "risk_triggers": 334
  }
}
