{
  "timestamp": "2025-11-25T17:24:47+00:00",
  "position": {
    "quantity": 0.000000,
    "entry_price": 0.0000,
    "mark_price": 2934.4000,
    "unrealized_pnl": 0.0000
  },
  "balance": {
    "total": 199.99911108,
    "available": 192.94521908
  },
  "statistics": {
    "total_orders": 1266,
    "filled_orders": 627,
    "risk_triggers": 334
  }
}
