{
  "timestamp": "2025-11-25T19:08:01+00:00",
  "position": {
    "quantity": 0.228000,
    "entry_price": 2930.8561,
    "mark_price": 2906.2700,
    "unrealized_pnl": -5.6056
  },
  "balance": {
    "total": 201.59940279,
    "available": 129.70004399
  },
  "statistics": {
    "total_orders": 1266,
    "filled_orders": 627,
    "risk_triggers": 334
  }
}
