{
  "timestamp": "2025-11-25T23:21:12+00:00",
  "position": {
    "quantity": -0.288000,
    "entry_price": 2928.9483,
    "mark_price": 2971.7850,
    "unrealized_pnl": -12.3370
  },
  "balance": {
    "total": 206.08952311,
    "available": 108.16515131
  },
  "statistics": {
    "total_orders": 1266,
    "filled_orders": 627,
    "risk_triggers": 334
  }
}
