{
  "timestamp": "2025-11-26T03:31:45+00:00",
  "position": {
    "quantity": -0.288000,
    "entry_price": 2928.9483,
    "mark_price": 2947.5000,
    "unrealized_pnl": -5.3429
  },
  "balance": {
    "total": 206.08162694,
    "available": 115.85074693
  },
  "statistics": {
    "total_orders": 1266,
    "filled_orders": 627,
    "risk_triggers": 334
  }
}
