{
  "timestamp": "2025-11-26T03:26:43+00:00",
  "position": {
    "quantity": -0.288000,
    "entry_price": 2928.9483,
    "mark_price": 2959.6663,
    "unrealized_pnl": -8.8468
  },
  "balance": {
    "total": 206.08162694,
    "available": 111.99539720
  },
  "statistics": {
    "total_orders": 1266,
    "filled_orders": 627,
    "risk_triggers": 334
  }
}
