{
  "timestamp": "2025-11-25T17:34:55+00:00",
  "position": {
    "quantity": -0.072000,
    "entry_price": 2941.0968,
    "mark_price": 2946.0173,
    "unrealized_pnl": -0.3543
  },
  "balance": {
    "total": 199.82353212,
    "available": 171.17552171
  },
  "statistics": {
    "total_orders": 1266,
    "filled_orders": 627,
    "risk_triggers": 334
  }
}
