{
  "timestamp": "2025-11-25T17:35:44+00:00",
  "position": {
    "quantity": -0.060000,
    "entry_price": 2941.7233,
    "mark_price": 2941.5162,
    "unrealized_pnl": 0.0124
  },
  "balance": {
    "total": 199.64158159,
    "available": 167.84083337
  },
  "statistics": {
    "total_orders": 1266,
    "filled_orders": 627,
    "risk_triggers": 334
  }
}
