{
  "timestamp": "2025-11-25T18:17:25+00:00",
  "position": {
    "quantity": -0.156000,
    "entry_price": 2947.2819,
    "mark_price": 2950.0390,
    "unrealized_pnl": -0.4301
  },
  "balance": {
    "total": 200.85668767,
    "available": 150.81719132
  },
  "statistics": {
    "total_orders": 1266,
    "filled_orders": 627,
    "risk_triggers": 334
  }
}
