{
  "timestamp": "2025-11-25T20:04:24+00:00",
  "position": {
    "quantity": 0.228000,
    "entry_price": 2930.8561,
    "mark_price": 2922.7800,
    "unrealized_pnl": -1.8413
  },
  "balance": {
    "total": 201.59940279,
    "available": 132.99783598
  },
  "statistics": {
    "total_orders": 1266,
    "filled_orders": 627,
    "risk_triggers": 334
  }
}
