{
  "timestamp": "2025-11-25T21:18:34+00:00",
  "position": {
    "quantity": -0.012000,
    "entry_price": 2935.7500,
    "mark_price": 2936.0000,
    "unrealized_pnl": -0.0030
  },
  "balance": {
    "total": 203.59704710,
    "available": 147.05661410
  },
  "statistics": {
    "total_orders": 1266,
    "filled_orders": 627,
    "risk_triggers": 334
  }
}
