{
  "timestamp": "2025-11-25T15:11:12+00:00",
  "position": {
    "quantity": -0.008000,
    "entry_price": 2885.6800,
    "mark_price": 2886.3803,
    "unrealized_pnl": -0.0056
  },
  "balance": {
    "total": 90.92004623,
    "available": 88.60533989
  },
  "statistics": {
    "total_orders": 1266,
    "filled_orders": 627,
    "risk_triggers": 334
  }
}
