{
  "timestamp": "2025-11-26T02:20:55+00:00",
  "position": {
    "quantity": -0.288000,
    "entry_price": 2928.9483,
    "mark_price": 2967.7500,
    "unrealized_pnl": -11.1749
  },
  "balance": {
    "total": 206.08162694,
    "available": 109.47356294
  },
  "statistics": {
    "total_orders": 1266,
    "filled_orders": 627,
    "risk_triggers": 334
  }
}
