{
  "timestamp": "2025-11-26T02:09:49+00:00",
  "position": {
    "quantity": -0.288000,
    "entry_price": 2928.9483,
    "mark_price": 2966.0600,
    "unrealized_pnl": -10.6882
  },
  "balance": {
    "total": 206.08162694,
    "available": 109.83154694
  },
  "statistics": {
    "total_orders": 1266,
    "filled_orders": 627,
    "risk_triggers": 334
  }
}
