{
  "timestamp": "2025-11-25T14:37:36+00:00",
  "position": {
    "quantity": 0.016000,
    "entry_price": 2903.5817,
    "mark_price": 2904.1200,
    "unrealized_pnl": 0.0086
  },
  "balance": {
    "total": 92.19126141,
    "available": 85.23165004
  },
  "statistics": {
    "total_orders": 1266,
    "filled_orders": 627,
    "risk_triggers": 334
  }
}
