{
  "timestamp": "2025-11-25T18:38:40+00:00",
  "position": {
    "quantity": -0.096000,
    "entry_price": 2946.4159,
    "mark_price": 2943.6469,
    "unrealized_pnl": 0.2658
  },
  "balance": {
    "total": 201.48703676,
    "available": 166.42035219
  },
  "statistics": {
    "total_orders": 1266,
    "filled_orders": 627,
    "risk_triggers": 334
  }
}
