{
  "timestamp": "2025-11-25T23:20:24+00:00",
  "position": {
    "quantity": -0.288000,
    "entry_price": 2928.9483,
    "mark_price": 2971.3400,
    "unrealized_pnl": -12.2088
  },
  "balance": {
    "total": 206.08952311,
    "available": 108.30613111
  },
  "statistics": {
    "total_orders": 1266,
    "filled_orders": 627,
    "risk_triggers": 334
  }
}
