{
  "timestamp": "2025-11-25T21:34:39+00:00",
  "position": {
    "quantity": 0.144000,
    "entry_price": 2931.6404,
    "mark_price": 2931.3500,
    "unrealized_pnl": -0.0418
  },
  "balance": {
    "total": 203.58963787,
    "available": 154.30865835
  },
  "statistics": {
    "total_orders": 1266,
    "filled_orders": 627,
    "risk_triggers": 334
  }
}
