{
  "timestamp": "2025-11-25T21:32:38+00:00",
  "position": {
    "quantity": 0.060000,
    "entry_price": 2933.5452,
    "mark_price": 2933.4000,
    "unrealized_pnl": -0.0087
  },
  "balance": {
    "total": 203.71364683,
    "available": 150.62894850
  },
  "statistics": {
    "total_orders": 1266,
    "filled_orders": 627,
    "risk_triggers": 334
  }
}
