{
  "timestamp": "2025-11-25T22:57:13+00:00",
  "position": {
    "quantity": -0.288000,
    "entry_price": 2928.9483,
    "mark_price": 2962.4000,
    "unrealized_pnl": -9.6341
  },
  "balance": {
    "total": 206.08952311,
    "available": 111.11240311
  },
  "statistics": {
    "total_orders": 1266,
    "filled_orders": 627,
    "risk_triggers": 334
  }
}
