{
  "timestamp": "2025-11-25T22:19:03+00:00",
  "position": {
    "quantity": 0.060000,
    "entry_price": 2919.5663,
    "mark_price": 2919.4500,
    "unrealized_pnl": -0.0070
  },
  "balance": {
    "total": 205.93884180,
    "available": 156.64381433
  },
  "statistics": {
    "total_orders": 1266,
    "filled_orders": 627,
    "risk_triggers": 334
  }
}
