{
  "timestamp": "2025-11-25T18:25:18+00:00",
  "position": {
    "quantity": -0.180000,
    "entry_price": 2949.4935,
    "mark_price": 2949.2000,
    "unrealized_pnl": 0.0528
  },
  "balance": {
    "total": 200.66819914,
    "available": 147.57242134
  },
  "statistics": {
    "total_orders": 1266,
    "filled_orders": 627,
    "risk_triggers": 334
  }
}
