{
  "timestamp": "2025-11-25T23:11:07+00:00",
  "position": {
    "quantity": -0.288000,
    "entry_price": 2928.9483,
    "mark_price": 2973.6000,
    "unrealized_pnl": -12.8597
  },
  "balance": {
    "total": 206.08952311,
    "available": 107.56798711
  },
  "statistics": {
    "total_orders": 1266,
    "filled_orders": 627,
    "risk_triggers": 334
  }
}
