{
  "timestamp": "2025-11-26T06:00:17+00:00",
  "position": {
    "quantity": -0.234000,
    "entry_price": 2939.1205,
    "mark_price": 2941.9339,
    "unrealized_pnl": -0.6583
  },
  "balance": {
    "total": 197.81195350,
    "available": 128.31236817
  },
  "statistics": {
    "total_orders": 1266,
    "filled_orders": 627,
    "risk_triggers": 334
  }
}
