{
  "timestamp": "2025-11-26T04:23:17+00:00",
  "position": {
    "quantity": -0.060000,
    "entry_price": 2929.3298,
    "mark_price": 2931.3900,
    "unrealized_pnl": -0.1236
  },
  "balance": {
    "total": 207.36969322,
    "available": 186.13479945
  },
  "statistics": {
    "total_orders": 1266,
    "filled_orders": 627,
    "risk_triggers": 334
  }
}
