{
  "timestamp": "2025-11-25T21:35:39+00:00",
  "position": {
    "quantity": 0.156000,
    "entry_price": 2931.4342,
    "mark_price": 2931.5900,
    "unrealized_pnl": 0.0243
  },
  "balance": {
    "total": 203.58471895,
    "available": 150.84849435
  },
  "statistics": {
    "total_orders": 1266,
    "filled_orders": 627,
    "risk_triggers": 334
  }
}
