{
  "timestamp": "2025-11-25T19:50:09+00:00",
  "position": {
    "quantity": 0.228000,
    "entry_price": 2930.8561,
    "mark_price": 2909.4033,
    "unrealized_pnl": -4.8912
  },
  "balance": {
    "total": 201.59940279,
    "available": 130.37376694
  },
  "statistics": {
    "total_orders": 1266,
    "filled_orders": 627,
    "risk_triggers": 334
  }
}
