{
  "timestamp": "2025-11-25T18:29:32+00:00",
  "position": {
    "quantity": -0.156000,
    "entry_price": 2946.7337,
    "mark_price": 2945.3323,
    "unrealized_pnl": 0.2186
  },
  "balance": {
    "total": 201.23128318,
    "available": 148.42306243
  },
  "statistics": {
    "total_orders": 1266,
    "filled_orders": 627,
    "risk_triggers": 334
  }
}
