{
  "timestamp": "2025-11-25T22:10:59+00:00",
  "position": {
    "quantity": 0.132000,
    "entry_price": 2914.6724,
    "mark_price": 2912.9398,
    "unrealized_pnl": -0.2287
  },
  "balance": {
    "total": 205.51974755,
    "available": 162.79597944
  },
  "statistics": {
    "total_orders": 1266,
    "filled_orders": 627,
    "risk_triggers": 334
  }
}
