{
  "timestamp": "2025-11-25T21:33:39+00:00",
  "position": {
    "quantity": 0.108000,
    "entry_price": 2932.6461,
    "mark_price": 2932.3700,
    "unrealized_pnl": -0.0298
  },
  "balance": {
    "total": 203.64972183,
    "available": 154.02316421
  },
  "statistics": {
    "total_orders": 1266,
    "filled_orders": 627,
    "risk_triggers": 334
  }
}
