{
  "timestamp": "2025-11-25T21:00:40+00:00",
  "position": {
    "quantity": 0.168000,
    "entry_price": 2929.8396,
    "mark_price": 2925.1300,
    "unrealized_pnl": -0.7912
  },
  "balance": {
    "total": 202.94775310,
    "available": 152.80771794
  },
  "statistics": {
    "total_orders": 1266,
    "filled_orders": 627,
    "risk_triggers": 334
  }
}
