{
  "timestamp": "2025-11-25T15:51:49+00:00",
  "position": {
    "quantity": 0.000000,
    "entry_price": 0.0000,
    "mark_price": 2894.2184,
    "unrealized_pnl": 0.0000
  },
  "balance": {
    "total": 89.85978065,
    "available": 83.77062165
  },
  "statistics": {
    "total_orders": 1266,
    "filled_orders": 627,
    "risk_triggers": 334
  }
}
