{
  "timestamp": "2025-11-25T21:17:34+00:00",
  "position": {
    "quantity": 0.012000,
    "entry_price": 2932.8486,
    "mark_price": 2934.9800,
    "unrealized_pnl": 0.0256
  },
  "balance": {
    "total": 203.54008926,
    "available": 154.07299972
  },
  "statistics": {
    "total_orders": 1266,
    "filled_orders": 627,
    "risk_triggers": 334
  }
}
