{
  "timestamp": "2025-11-26T05:23:53+00:00",
  "position": {
    "quantity": -0.270000,
    "entry_price": 2931.1172,
    "mark_price": 2937.9200,
    "unrealized_pnl": -1.8367
  },
  "balance": {
    "total": 200.01916923,
    "available": 118.85858460
  },
  "statistics": {
    "total_orders": 1266,
    "filled_orders": 627,
    "risk_triggers": 334
  }
}
