{
  "timestamp": "2025-11-26T05:20:51+00:00",
  "position": {
    "quantity": -0.270000,
    "entry_price": 2931.1172,
    "mark_price": 2944.0900,
    "unrealized_pnl": -3.5026
  },
  "balance": {
    "total": 200.01916923,
    "available": 117.02609460
  },
  "statistics": {
    "total_orders": 1266,
    "filled_orders": 627,
    "risk_triggers": 334
  }
}
