{
  "timestamp": "2025-11-25T17:49:53+00:00",
  "position": {
    "quantity": 0.096000,
    "entry_price": 2937.8734,
    "mark_price": 2938.5700,
    "unrealized_pnl": 0.0669
  },
  "balance": {
    "total": 199.66041830,
    "available": 150.44397758
  },
  "statistics": {
    "total_orders": 1266,
    "filled_orders": 627,
    "risk_triggers": 334
  }
}
