{
  "timestamp": "2025-11-25T22:23:04+00:00",
  "position": {
    "quantity": 0.012000,
    "entry_price": 2922.3800,
    "mark_price": 2922.8963,
    "unrealized_pnl": 0.0062
  },
  "balance": {
    "total": 206.09373023,
    "available": 142.70523046
  },
  "statistics": {
    "total_orders": 1266,
    "filled_orders": 627,
    "risk_triggers": 334
  }
}
