{
  "timestamp": "2025-11-25T21:59:56+00:00",
  "position": {
    "quantity": -0.024000,
    "entry_price": 2930.9364,
    "mark_price": 2929.0324,
    "unrealized_pnl": 0.0457
  },
  "balance": {
    "total": 205.96481397,
    "available": 160.19050424
  },
  "statistics": {
    "total_orders": 1266,
    "filled_orders": 627,
    "risk_triggers": 334
  }
}
