{
  "timestamp": "2025-11-25T18:21:15+00:00",
  "position": {
    "quantity": -0.192000,
    "entry_price": 2949.4935,
    "mark_price": 2955.2900,
    "unrealized_pnl": -1.1129
  },
  "balance": {
    "total": 200.65027767,
    "available": 142.78425335
  },
  "statistics": {
    "total_orders": 1266,
    "filled_orders": 627,
    "risk_triggers": 334
  }
}
