{
  "timestamp": "2025-11-25T21:03:41+00:00",
  "position": {
    "quantity": 0.168000,
    "entry_price": 2929.8396,
    "mark_price": 2923.8873,
    "unrealized_pnl": -1.0000
  },
  "balance": {
    "total": 202.94775310,
    "available": 152.82646045
  },
  "statistics": {
    "total_orders": 1266,
    "filled_orders": 627,
    "risk_triggers": 334
  }
}
