{
  "timestamp": "2025-11-25T18:27:31+00:00",
  "position": {
    "quantity": -0.180000,
    "entry_price": 2947.7123,
    "mark_price": 2948.3296,
    "unrealized_pnl": -0.1111
  },
  "balance": {
    "total": 201.02791825,
    "available": 147.84687341
  },
  "statistics": {
    "total_orders": 1266,
    "filled_orders": 627,
    "risk_triggers": 334
  }
}
