{
  "timestamp": "2025-11-25T22:46:10+00:00",
  "position": {
    "quantity": -0.288000,
    "entry_price": 2928.9483,
    "mark_price": 2944.2755,
    "unrealized_pnl": -4.4142
  },
  "balance": {
    "total": 206.08952311,
    "available": 116.88017870
  },
  "statistics": {
    "total_orders": 1266,
    "filled_orders": 627,
    "risk_triggers": 334
  }
}
