{
  "timestamp": "2025-11-25T21:55:44+00:00",
  "position": {
    "quantity": -0.192000,
    "entry_price": 2940.1408,
    "mark_price": 2935.5014,
    "unrealized_pnl": 0.8908
  },
  "balance": {
    "total": 204.21528079,
    "available": 138.13097730
  },
  "statistics": {
    "total_orders": 1266,
    "filled_orders": 627,
    "risk_triggers": 334
  }
}
