{
  "timestamp": "2025-11-25T18:51:48+00:00",
  "position": {
    "quantity": 0.084000,
    "entry_price": 2935.1906,
    "mark_price": 2933.0371,
    "unrealized_pnl": -0.1809
  },
  "balance": {
    "total": 201.90296218,
    "available": 159.47806890
  },
  "statistics": {
    "total_orders": 1266,
    "filled_orders": 627,
    "risk_triggers": 334
  }
}
