{
  "timestamp": "2025-11-25T18:18:25+00:00",
  "position": {
    "quantity": -0.072000,
    "entry_price": 2947.4084,
    "mark_price": 2946.7705,
    "unrealized_pnl": 0.0459
  },
  "balance": {
    "total": 200.80933385,
    "available": 154.83632061
  },
  "statistics": {
    "total_orders": 1266,
    "filled_orders": 627,
    "risk_triggers": 334
  }
}
