{
  "timestamp": "2025-11-25T16:11:00+00:00",
  "position": {
    "quantity": 0.006000,
    "entry_price": 2892.7289,
    "mark_price": 2893.0100,
    "unrealized_pnl": 0.0017
  },
  "balance": {
    "total": 89.93965904,
    "available": 75.49249474
  },
  "statistics": {
    "total_orders": 1266,
    "filled_orders": 627,
    "risk_triggers": 334
  }
}
