{
  "timestamp": "2025-11-25T18:12:09+00:00",
  "position": {
    "quantity": -0.012000,
    "entry_price": 2944.8800,
    "mark_price": 2945.1472,
    "unrealized_pnl": -0.0032
  },
  "balance": {
    "total": 200.78093893,
    "available": 169.08314293
  },
  "statistics": {
    "total_orders": 1266,
    "filled_orders": 627,
    "risk_triggers": 334
  }
}
