{
  "timestamp": "2025-11-26T04:08:09+00:00",
  "position": {
    "quantity": -0.192000,
    "entry_price": 2928.9483,
    "mark_price": 2921.4840,
    "unrealized_pnl": 1.4332
  },
  "balance": {
    "total": 206.74878694,
    "available": 152.08945295
  },
  "statistics": {
    "total_orders": 1266,
    "filled_orders": 627,
    "risk_triggers": 334
  }
}
