{
  "timestamp": "2025-11-25T23:35:19+00:00",
  "position": {
    "quantity": -0.288000,
    "entry_price": 2928.9483,
    "mark_price": 2968.4724,
    "unrealized_pnl": -11.3829
  },
  "balance": {
    "total": 206.08952311,
    "available": 109.59356778
  },
  "statistics": {
    "total_orders": 1266,
    "filled_orders": 627,
    "risk_triggers": 334
  }
}
