{
  "timestamp": "2025-11-26T02:15:52+00:00",
  "position": {
    "quantity": -0.288000,
    "entry_price": 2928.9483,
    "mark_price": 2970.2598,
    "unrealized_pnl": -11.8977
  },
  "balance": {
    "total": 206.08162694,
    "available": 108.64044151
  },
  "statistics": {
    "total_orders": 1266,
    "filled_orders": 627,
    "risk_triggers": 334
  }
}
