{
  "timestamp": "2025-11-25T14:24:26+00:00",
  "position": {
    "quantity": -0.050000,
    "entry_price": 2911.2153,
    "mark_price": 2913.9500,
    "unrealized_pnl": -0.1367
  },
  "balance": {
    "total": 92.32081804,
    "available": 73.51599266
  },
  "statistics": {
    "total_orders": 1266,
    "filled_orders": 627,
    "risk_triggers": 334
  }
}
