{
  "timestamp": "2025-11-25T20:02:13+00:00",
  "position": {
    "quantity": 0.228000,
    "entry_price": 2930.8561,
    "mark_price": 2919.7600,
    "unrealized_pnl": -2.5299
  },
  "balance": {
    "total": 201.59940279,
    "available": 132.25289133
  },
  "statistics": {
    "total_orders": 1266,
    "filled_orders": 627,
    "risk_triggers": 334
  }
}
