{
  "timestamp": "2025-11-25T20:55:27+00:00",
  "position": {
    "quantity": 0.120000,
    "entry_price": 2933.2340,
    "mark_price": 2932.5636,
    "unrealized_pnl": -0.0805
  },
  "balance": {
    "total": 203.17141472,
    "available": 164.32926320
  },
  "statistics": {
    "total_orders": 1266,
    "filled_orders": 627,
    "risk_triggers": 334
  }
}
