{
  "timestamp": "2025-11-25T15:26:26+00:00",
  "position": {
    "quantity": 0.008000,
    "entry_price": 2877.2800,
    "mark_price": 2877.7000,
    "unrealized_pnl": 0.0034
  },
  "balance": {
    "total": 90.80614107,
    "available": 86.20899007
  },
  "statistics": {
    "total_orders": 1266,
    "filled_orders": 627,
    "risk_triggers": 334
  }
}
