{
  "timestamp": "2025-11-26T02:43:10+00:00",
  "position": {
    "quantity": -0.288000,
    "entry_price": 2928.9483,
    "mark_price": 2966.4307,
    "unrealized_pnl": -10.7949
  },
  "balance": {
    "total": 206.08162694,
    "available": 109.83066302
  },
  "statistics": {
    "total_orders": 1266,
    "filled_orders": 627,
    "risk_triggers": 334
  }
}
