{
  "timestamp": "2025-11-26T01:38:28+00:00",
  "position": {
    "quantity": -0.288000,
    "entry_price": 2928.9483,
    "mark_price": 2968.7700,
    "unrealized_pnl": -11.4686
  },
  "balance": {
    "total": 206.08162694,
    "available": 109.11241094
  },
  "statistics": {
    "total_orders": 1266,
    "filled_orders": 627,
    "risk_triggers": 334
  }
}
