{
  "timestamp": "2025-11-25T20:20:17+00:00",
  "position": {
    "quantity": 0.108000,
    "entry_price": 2932.4229,
    "mark_price": 2934.2103,
    "unrealized_pnl": 0.1930
  },
  "balance": {
    "total": 202.05584731,
    "available": 160.00340881
  },
  "statistics": {
    "total_orders": 1266,
    "filled_orders": 627,
    "risk_triggers": 334
  }
}
