{
  "timestamp": "2025-11-25T21:36:39+00:00",
  "position": {
    "quantity": 0.096000,
    "entry_price": 2932.1773,
    "mark_price": 2934.0900,
    "unrealized_pnl": 0.1836
  },
  "balance": {
    "total": 203.77364673,
    "available": 147.34281630
  },
  "statistics": {
    "total_orders": 1266,
    "filled_orders": 627,
    "risk_triggers": 334
  }
}
