{
  "timestamp": "2025-11-25T14:32:32+00:00",
  "position": {
    "quantity": 0.008000,
    "entry_price": 2899.9417,
    "mark_price": 2900.1200,
    "unrealized_pnl": 0.0014
  },
  "balance": {
    "total": 92.22524368,
    "available": 87.58543034
  },
  "statistics": {
    "total_orders": 1266,
    "filled_orders": 627,
    "risk_triggers": 334
  }
}
