{
  "timestamp": "2025-11-26T05:54:15+00:00",
  "position": {
    "quantity": -0.234000,
    "entry_price": 2939.1205,
    "mark_price": 2939.8700,
    "unrealized_pnl": -0.1754
  },
  "balance": {
    "total": 197.81195350,
    "available": 128.84360899
  },
  "statistics": {
    "total_orders": 1266,
    "filled_orders": 627,
    "risk_triggers": 334
  }
}
