{
  "timestamp": "2025-11-26T04:12:11+00:00",
  "position": {
    "quantity": -0.180000,
    "entry_price": 2928.9483,
    "mark_price": 2921.7200,
    "unrealized_pnl": 1.3011
  },
  "balance": {
    "total": 206.87656694,
    "available": 155.55610693
  },
  "statistics": {
    "total_orders": 1266,
    "filled_orders": 627,
    "risk_triggers": 334
  }
}
