{
  "timestamp": "2025-11-26T01:47:34+00:00",
  "position": {
    "quantity": -0.288000,
    "entry_price": 2928.9483,
    "mark_price": 2970.7000,
    "unrealized_pnl": -12.0245
  },
  "balance": {
    "total": 206.08162694,
    "available": 108.50098693
  },
  "statistics": {
    "total_orders": 1266,
    "filled_orders": 627,
    "risk_triggers": 334
  }
}
