{
  "timestamp": "2025-11-26T06:07:25+00:00",
  "position": {
    "quantity": 0.036000,
    "entry_price": 2945.6625,
    "mark_price": 2946.5297,
    "unrealized_pnl": 0.0312
  },
  "balance": {
    "total": 195.79218431,
    "available": 177.22144128
  },
  "statistics": {
    "total_orders": 1266,
    "filled_orders": 627,
    "risk_triggers": 334
  }
}
