{
  "timestamp": "2025-11-25T19:58:22+00:00",
  "position": {
    "quantity": 0.228000,
    "entry_price": 2930.8561,
    "mark_price": 2917.6078,
    "unrealized_pnl": -3.0206
  },
  "balance": {
    "total": 201.59940279,
    "available": 132.05735040
  },
  "statistics": {
    "total_orders": 1266,
    "filled_orders": 627,
    "risk_triggers": 334
  }
}
