{
  "timestamp": "2025-11-25T20:23:18+00:00",
  "position": {
    "quantity": 0.120000,
    "entry_price": 2933.5405,
    "mark_price": 2933.4760,
    "unrealized_pnl": -0.0077
  },
  "balance": {
    "total": 202.20242851,
    "available": 149.37593574
  },
  "statistics": {
    "total_orders": 1266,
    "filled_orders": 627,
    "risk_triggers": 334
  }
}
