{
  "timestamp": "2025-11-26T04:17:13+00:00",
  "position": {
    "quantity": -0.180000,
    "entry_price": 2928.9483,
    "mark_price": 2924.4100,
    "unrealized_pnl": 0.8169
  },
  "balance": {
    "total": 206.87656694,
    "available": 155.01646693
  },
  "statistics": {
    "total_orders": 1266,
    "filled_orders": 627,
    "risk_triggers": 334
  }
}
