{
  "timestamp": "2025-11-25T17:03:22+00:00",
  "position": {
    "quantity": -0.128000,
    "entry_price": 2928.2595,
    "mark_price": 2925.2800,
    "unrealized_pnl": 0.3814
  },
  "balance": {
    "total": 89.55602801,
    "available": 52.47206134
  },
  "statistics": {
    "total_orders": 1266,
    "filled_orders": 627,
    "risk_triggers": 334
  }
}
