{
  "timestamp": "2025-11-25T20:21:29+00:00",
  "position": {
    "quantity": 0.132000,
    "entry_price": 2933.3559,
    "mark_price": 2933.1900,
    "unrealized_pnl": -0.0219
  },
  "balance": {
    "total": 202.19179479,
    "available": 149.37619457
  },
  "statistics": {
    "total_orders": 1266,
    "filled_orders": 627,
    "risk_triggers": 334
  }
}
