{
  "timestamp": "2025-11-26T01:08:09+00:00",
  "position": {
    "quantity": -0.288000,
    "entry_price": 2928.9483,
    "mark_price": 2949.9500,
    "unrealized_pnl": -6.0485
  },
  "balance": {
    "total": 206.08162694,
    "available": 115.07458693
  },
  "statistics": {
    "total_orders": 1266,
    "filled_orders": 627,
    "risk_triggers": 334
  }
}
