{
  "timestamp": "2025-11-25T16:00:54+00:00",
  "position": {
    "quantity": 0.009000,
    "entry_price": 2893.2644,
    "mark_price": 2893.8425,
    "unrealized_pnl": 0.0052
  },
  "balance": {
    "total": 89.88443965,
    "available": 77.16474560
  },
  "statistics": {
    "total_orders": 1266,
    "filled_orders": 627,
    "risk_triggers": 334
  }
}
