{
  "timestamp": "2025-11-25T18:46:31+00:00",
  "position": {
    "quantity": 0.120000,
    "entry_price": 2936.9801,
    "mark_price": 2936.3440,
    "unrealized_pnl": -0.0763
  },
  "balance": {
    "total": 201.98708130,
    "available": 156.13744812
  },
  "statistics": {
    "total_orders": 1266,
    "filled_orders": 627,
    "risk_triggers": 334
  }
}
