{
  "timestamp": "2025-11-25T14:18:21+00:00",
  "position": {
    "quantity": -0.032000,
    "entry_price": 2911.7420,
    "mark_price": 2911.6300,
    "unrealized_pnl": 0.0036
  },
  "balance": {
    "total": 92.40866293,
    "available": 80.75871511
  },
  "statistics": {
    "total_orders": 1266,
    "filled_orders": 627,
    "risk_triggers": 334
  }
}
