{
  "timestamp": "2025-11-25T16:08:59+00:00",
  "position": {
    "quantity": 0.016000,
    "entry_price": 2892.1612,
    "mark_price": 2892.9200,
    "unrealized_pnl": 0.0121
  },
  "balance": {
    "total": 89.95423951,
    "available": 68.86181306
  },
  "statistics": {
    "total_orders": 1266,
    "filled_orders": 627,
    "risk_triggers": 334
  }
}
