{
  "timestamp": "2025-11-26T01:36:20+00:00",
  "position": {
    "quantity": -0.288000,
    "entry_price": 2928.9483,
    "mark_price": 2967.2939,
    "unrealized_pnl": -11.0435
  },
  "balance": {
    "total": 206.08162694,
    "available": 109.58003554
  },
  "statistics": {
    "total_orders": 1266,
    "filled_orders": 627,
    "risk_triggers": 334
  }
}
