{
  "timestamp": "2025-11-26T01:44:31+00:00",
  "position": {
    "quantity": -0.288000,
    "entry_price": 2928.9483,
    "mark_price": 2974.4000,
    "unrealized_pnl": -13.0901
  },
  "balance": {
    "total": 206.08162694,
    "available": 107.30261893
  },
  "statistics": {
    "total_orders": 1266,
    "filled_orders": 627,
    "risk_triggers": 334
  }
}
