{
  "timestamp": "2025-11-25T16:02:55+00:00",
  "position": {
    "quantity": 0.008000,
    "entry_price": 2891.9189,
    "mark_price": 2893.4400,
    "unrealized_pnl": 0.0122
  },
  "balance": {
    "total": 89.89833805,
    "available": 70.82906874
  },
  "statistics": {
    "total_orders": 1266,
    "filled_orders": 627,
    "risk_triggers": 334
  }
}
