{
  "timestamp": "2025-11-26T05:02:41+00:00",
  "position": {
    "quantity": -0.045000,
    "entry_price": 2930.2357,
    "mark_price": 2930.2681,
    "unrealized_pnl": -0.0015
  },
  "balance": {
    "total": 200.03703932,
    "available": 152.51037552
  },
  "statistics": {
    "total_orders": 1266,
    "filled_orders": 627,
    "risk_triggers": 334
  }
}
