{
  "timestamp": "2025-11-25T19:03:41+00:00",
  "position": {
    "quantity": 0.228000,
    "entry_price": 2930.8561,
    "mark_price": 2912.1500,
    "unrealized_pnl": -4.2650
  },
  "balance": {
    "total": 201.59940279,
    "available": 130.89089631
  },
  "statistics": {
    "total_orders": 1266,
    "filled_orders": 627,
    "risk_triggers": 334
  }
}
