{
  "timestamp": "2025-11-25T21:24:36+00:00",
  "position": {
    "quantity": -0.012000,
    "entry_price": 2934.8100,
    "mark_price": 2934.6755,
    "unrealized_pnl": 0.0016
  },
  "balance": {
    "total": 203.50015262,
    "available": 125.79564903
  },
  "statistics": {
    "total_orders": 1266,
    "filled_orders": 627,
    "risk_triggers": 334
  }
}
