{
  "timestamp": "2025-11-25T18:33:35+00:00",
  "position": {
    "quantity": -0.180000,
    "entry_price": 2946.6755,
    "mark_price": 2954.0333,
    "unrealized_pnl": -1.3244
  },
  "balance": {
    "total": 201.25259966,
    "available": 146.75558385
  },
  "statistics": {
    "total_orders": 1266,
    "filled_orders": 627,
    "risk_triggers": 334
  }
}
