{
  "timestamp": "2025-11-25T19:29:13+00:00",
  "position": {
    "quantity": 0.228000,
    "entry_price": 2930.8561,
    "mark_price": 2880.8115,
    "unrealized_pnl": -11.4102
  },
  "balance": {
    "total": 201.59940279,
    "available": 124.32627798
  },
  "statistics": {
    "total_orders": 1266,
    "filled_orders": 627,
    "risk_triggers": 334
  }
}
