{
  "timestamp": "2025-11-26T04:54:39+00:00",
  "position": {
    "quantity": -0.009000,
    "entry_price": 2929.7900,
    "mark_price": 2930.0359,
    "unrealized_pnl": -0.0022
  },
  "balance": {
    "total": 199.99206551,
    "available": 184.14765468
  },
  "statistics": {
    "total_orders": 1266,
    "filled_orders": 627,
    "risk_triggers": 334
  }
}
