{
  "timestamp": "2025-11-25T22:40:08+00:00",
  "position": {
    "quantity": -0.288000,
    "entry_price": 2928.9483,
    "mark_price": 2953.1800,
    "unrealized_pnl": -6.9787
  },
  "balance": {
    "total": 206.08952311,
    "available": 114.04193910
  },
  "statistics": {
    "total_orders": 1266,
    "filled_orders": 627,
    "risk_triggers": 334
  }
}
