{
  "timestamp": "2025-11-25T18:05:15+00:00",
  "position": {
    "quantity": 0.072000,
    "entry_price": 2937.3315,
    "mark_price": 2940.8119,
    "unrealized_pnl": 0.2506
  },
  "balance": {
    "total": 200.22716835,
    "available": 161.66405278
  },
  "statistics": {
    "total_orders": 1266,
    "filled_orders": 627,
    "risk_triggers": 334
  }
}
