{
  "timestamp": "2025-11-25T22:48:10+00:00",
  "position": {
    "quantity": -0.288000,
    "entry_price": 2928.9483,
    "mark_price": 2945.4762,
    "unrealized_pnl": -4.7600
  },
  "balance": {
    "total": 206.08952311,
    "available": 116.49979281
  },
  "statistics": {
    "total_orders": 1266,
    "filled_orders": 627,
    "risk_triggers": 334
  }
}
