{
  "timestamp": "2025-11-25T17:32:42+00:00",
  "position": {
    "quantity": -0.036000,
    "entry_price": 2936.4350,
    "mark_price": 2936.3703,
    "unrealized_pnl": 0.0023
  },
  "balance": {
    "total": 200.16082669,
    "available": 189.59222179
  },
  "statistics": {
    "total_orders": 1266,
    "filled_orders": 627,
    "risk_triggers": 334
  }
}
