{
  "timestamp": "2025-11-25T21:22:35+00:00",
  "position": {
    "quantity": 0.012000,
    "entry_price": 2933.1193,
    "mark_price": 2933.4030,
    "unrealized_pnl": 0.0034
  },
  "balance": {
    "total": 203.49902368,
    "available": 139.89699423
  },
  "statistics": {
    "total_orders": 1266,
    "filled_orders": 627,
    "risk_triggers": 334
  }
}
