{
  "timestamp": "2025-11-25T15:15:14+00:00",
  "position": {
    "quantity": 0.000000,
    "entry_price": 0.0000,
    "mark_price": 2872.8200,
    "unrealized_pnl": 0.0000
  },
  "balance": {
    "total": 90.94026710,
    "available": 88.63822809
  },
  "statistics": {
    "total_orders": 1266,
    "filled_orders": 627,
    "risk_triggers": 334
  }
}
