{
  "timestamp": "2025-11-26T01:12:12+00:00",
  "position": {
    "quantity": -0.288000,
    "entry_price": 2928.9483,
    "mark_price": 2952.5700,
    "unrealized_pnl": -6.8030
  },
  "balance": {
    "total": 206.08162694,
    "available": 114.24457094
  },
  "statistics": {
    "total_orders": 1266,
    "filled_orders": 627,
    "risk_triggers": 334
  }
}
