{
  "timestamp": "2025-11-25T20:32:21+00:00",
  "position": {
    "quantity": 0.024000,
    "entry_price": 2938.1131,
    "mark_price": 2939.2100,
    "unrealized_pnl": 0.0263
  },
  "balance": {
    "total": 202.97212452,
    "available": 167.62444311
  },
  "statistics": {
    "total_orders": 1266,
    "filled_orders": 627,
    "risk_triggers": 334
  }
}
