{
  "timestamp": "2025-11-25T17:52:06+00:00",
  "position": {
    "quantity": -0.096000,
    "entry_price": 2943.5616,
    "mark_price": 2944.5600,
    "unrealized_pnl": -0.0958
  },
  "balance": {
    "total": 199.86017691,
    "available": 146.66292116
  },
  "statistics": {
    "total_orders": 1266,
    "filled_orders": 627,
    "risk_triggers": 334
  }
}
