{
  "timestamp": "2025-11-26T04:09:10+00:00",
  "position": {
    "quantity": -0.192000,
    "entry_price": 2928.9483,
    "mark_price": 2925.8356,
    "unrealized_pnl": 0.5977
  },
  "balance": {
    "total": 206.74878694,
    "available": 151.17039538
  },
  "statistics": {
    "total_orders": 1266,
    "filled_orders": 627,
    "risk_triggers": 334
  }
}
