{
  "timestamp": "2025-11-25T19:41:18+00:00",
  "position": {
    "quantity": 0.228000,
    "entry_price": 2930.8561,
    "mark_price": 2896.4400,
    "unrealized_pnl": -7.8469
  },
  "balance": {
    "total": 201.59940279,
    "available": 127.71370799
  },
  "statistics": {
    "total_orders": 1266,
    "filled_orders": 627,
    "risk_triggers": 334
  }
}
