{
  "timestamp": "2025-11-25T17:23:37+00:00",
  "position": {
    "quantity": -0.024000,
    "entry_price": 2934.5800,
    "mark_price": 2934.7000,
    "unrealized_pnl": -0.0029
  },
  "balance": {
    "total": 199.99031747,
    "available": 192.93215747
  },
  "statistics": {
    "total_orders": 1266,
    "filled_orders": 627,
    "risk_triggers": 334
  }
}
