{
  "timestamp": "2025-11-26T05:13:49+00:00",
  "position": {
    "quantity": -0.270000,
    "entry_price": 2931.1172,
    "mark_price": 2934.3733,
    "unrealized_pnl": -0.8791
  },
  "balance": {
    "total": 200.01916923,
    "available": 119.91194878
  },
  "statistics": {
    "total_orders": 1266,
    "filled_orders": 627,
    "risk_triggers": 334
  }
}
