{
  "timestamp": "2025-11-26T00:38:52+00:00",
  "position": {
    "quantity": -0.288000,
    "entry_price": 2928.9483,
    "mark_price": 2951.6010,
    "unrealized_pnl": -6.5240
  },
  "balance": {
    "total": 206.08162694,
    "available": 114.82446726
  },
  "statistics": {
    "total_orders": 1266,
    "filled_orders": 627,
    "risk_triggers": 334
  }
}
