{
  "timestamp": "2025-11-25T19:41:06+00:00",
  "position": {
    "quantity": 0.228000,
    "entry_price": 2930.8561,
    "mark_price": 2894.5395,
    "unrealized_pnl": -8.2802
  },
  "balance": {
    "total": 201.59940279,
    "available": 127.14599875
  },
  "statistics": {
    "total_orders": 1266,
    "filled_orders": 627,
    "risk_triggers": 334
  }
}
