{
  "timestamp": "2025-11-25T21:17:45+00:00",
  "position": {
    "quantity": 0.000000,
    "entry_price": 0.0000,
    "mark_price": 2936.3961,
    "unrealized_pnl": 0.0000
  },
  "balance": {
    "total": 203.56557557,
    "available": 150.55093357
  },
  "statistics": {
    "total_orders": 1266,
    "filled_orders": 627,
    "risk_triggers": 334
  }
}
