{
  "timestamp": "2025-11-25T22:57:02+00:00",
  "position": {
    "quantity": -0.288000,
    "entry_price": 2928.9483,
    "mark_price": 2949.0198,
    "unrealized_pnl": -5.7806
  },
  "balance": {
    "total": 206.08952311,
    "available": 115.37716110
  },
  "statistics": {
    "total_orders": 1266,
    "filled_orders": 627,
    "risk_triggers": 334
  }
}
