{
  "timestamp": "2025-11-25T22:12:49+00:00",
  "position": {
    "quantity": 0.144000,
    "entry_price": 2912.1072,
    "mark_price": 2910.3167,
    "unrealized_pnl": -0.2578
  },
  "balance": {
    "total": 205.24578417,
    "available": 156.05574062
  },
  "statistics": {
    "total_orders": 1266,
    "filled_orders": 627,
    "risk_triggers": 334
  }
}
