{
  "timestamp": "2025-11-25T19:24:59+00:00",
  "position": {
    "quantity": 0.228000,
    "entry_price": 2930.8561,
    "mark_price": 2878.5231,
    "unrealized_pnl": -11.9319
  },
  "balance": {
    "total": 201.59940279,
    "available": 124.03715060
  },
  "statistics": {
    "total_orders": 1266,
    "filled_orders": 627,
    "risk_triggers": 334
  }
}
