{
  "timestamp": "2025-11-25T21:23:35+00:00",
  "position": {
    "quantity": 0.000000,
    "entry_price": 0.0000,
    "mark_price": 2935.3466,
    "unrealized_pnl": 0.0000
  },
  "balance": {
    "total": 203.50783260,
    "available": 136.37975560
  },
  "statistics": {
    "total_orders": 1266,
    "filled_orders": 627,
    "risk_triggers": 334
  }
}
