{
  "timestamp": "2025-11-26T02:49:13+00:00",
  "position": {
    "quantity": -0.288000,
    "entry_price": 2928.9483,
    "mark_price": 2958.8060,
    "unrealized_pnl": -8.5990
  },
  "balance": {
    "total": 206.08162694,
    "available": 112.26901121
  },
  "statistics": {
    "total_orders": 1266,
    "filled_orders": 627,
    "risk_triggers": 334
  }
}
