{
  "timestamp": "2025-11-25T15:35:32+00:00",
  "position": {
    "quantity": -0.024000,
    "entry_price": 2898.5229,
    "mark_price": 2898.2137,
    "unrealized_pnl": 0.0074
  },
  "balance": {
    "total": 89.98160788,
    "available": 80.70822782
  },
  "statistics": {
    "total_orders": 1266,
    "filled_orders": 627,
    "risk_triggers": 334
  }
}
