{
  "timestamp": "2025-11-25T23:10:06+00:00",
  "position": {
    "quantity": -0.288000,
    "entry_price": 2928.9483,
    "mark_price": 2974.0186,
    "unrealized_pnl": -12.9802
  },
  "balance": {
    "total": 206.08952311,
    "available": 107.45755042
  },
  "statistics": {
    "total_orders": 1266,
    "filled_orders": 627,
    "risk_triggers": 334
  }
}
