{
  "timestamp": "2025-11-25T18:06:16+00:00",
  "position": {
    "quantity": 0.036000,
    "entry_price": 2940.5167,
    "mark_price": 2942.9215,
    "unrealized_pnl": 0.0866
  },
  "balance": {
    "total": 200.49576308,
    "available": 161.79751571
  },
  "statistics": {
    "total_orders": 1266,
    "filled_orders": 627,
    "risk_triggers": 334
  }
}
