{
  "timestamp": "2025-11-26T01:35:20+00:00",
  "position": {
    "quantity": -0.288000,
    "entry_price": 2928.9483,
    "mark_price": 2965.8500,
    "unrealized_pnl": -10.6277
  },
  "balance": {
    "total": 206.08162694,
    "available": 110.03746693
  },
  "statistics": {
    "total_orders": 1266,
    "filled_orders": 627,
    "risk_triggers": 334
  }
}
