{
  "timestamp": "2025-11-25T17:23:47+00:00",
  "position": {
    "quantity": -0.024000,
    "entry_price": 2934.8100,
    "mark_price": 2935.1792,
    "unrealized_pnl": -0.0089
  },
  "balance": {
    "total": 199.97775108,
    "available": 189.39995207
  },
  "statistics": {
    "total_orders": 1266,
    "filled_orders": 627,
    "risk_triggers": 334
  }
}
