{
  "timestamp": "2025-11-25T19:08:44+00:00",
  "position": {
    "quantity": 0.228000,
    "entry_price": 2930.8561,
    "mark_price": 2898.7498,
    "unrealized_pnl": -7.3202
  },
  "balance": {
    "total": 201.59940279,
    "available": 128.09652520
  },
  "statistics": {
    "total_orders": 1266,
    "filled_orders": 627,
    "risk_triggers": 334
  }
}
