{
  "timestamp": "2025-11-25T18:08:17+00:00",
  "position": {
    "quantity": 0.084000,
    "entry_price": 2941.2041,
    "mark_price": 2940.8790,
    "unrealized_pnl": -0.0273
  },
  "balance": {
    "total": 200.54905878,
    "available": 154.62338648
  },
  "statistics": {
    "total_orders": 1266,
    "filled_orders": 627,
    "risk_triggers": 334
  }
}
