{
  "timestamp": "2025-11-25T19:16:05+00:00",
  "position": {
    "quantity": 0.228000,
    "entry_price": 2930.8561,
    "mark_price": 2899.8700,
    "unrealized_pnl": -7.0648
  },
  "balance": {
    "total": 201.59940279,
    "available": 128.03222424
  },
  "statistics": {
    "total_orders": 1266,
    "filled_orders": 627,
    "risk_triggers": 334
  }
}
