{
  "timestamp": "2025-11-25T19:18:55+00:00",
  "position": {
    "quantity": 0.228000,
    "entry_price": 2930.8561,
    "mark_price": 2886.9533,
    "unrealized_pnl": -10.0098
  },
  "balance": {
    "total": 201.59940279,
    "available": 125.64494191
  },
  "statistics": {
    "total_orders": 1266,
    "filled_orders": 627,
    "risk_triggers": 334
  }
}
