{
  "timestamp": "2025-11-25T23:14:08+00:00",
  "position": {
    "quantity": -0.288000,
    "entry_price": 2928.9483,
    "mark_price": 2977.8800,
    "unrealized_pnl": -14.0923
  },
  "balance": {
    "total": 206.08952311,
    "available": 106.17089911
  },
  "statistics": {
    "total_orders": 1266,
    "filled_orders": 627,
    "risk_triggers": 334
  }
}
