{
  "timestamp": "2025-11-26T01:25:16+00:00",
  "position": {
    "quantity": -0.288000,
    "entry_price": 2928.9483,
    "mark_price": 2947.1804,
    "unrealized_pnl": -5.2508
  },
  "balance": {
    "total": 206.08162694,
    "available": 115.95201180
  },
  "statistics": {
    "total_orders": 1266,
    "filled_orders": 627,
    "risk_triggers": 334
  }
}
