{
  "timestamp": "2025-11-25T22:24:04+00:00",
  "position": {
    "quantity": 0.000000,
    "entry_price": 0.0000,
    "mark_price": 2922.4400,
    "unrealized_pnl": 0.0000
  },
  "balance": {
    "total": 206.08608412,
    "available": 135.67999012
  },
  "statistics": {
    "total_orders": 1266,
    "filled_orders": 627,
    "risk_triggers": 334
  }
}
