{
  "timestamp": "2025-11-25T21:31:49+00:00",
  "position": {
    "quantity": -0.036000,
    "entry_price": 2936.1249,
    "mark_price": 2936.8588,
    "unrealized_pnl": -0.0264
  },
  "balance": {
    "total": 203.74015537,
    "available": 126.00697167
  },
  "statistics": {
    "total_orders": 1266,
    "filled_orders": 627,
    "risk_triggers": 334
  }
}
