{
  "timestamp": "2025-11-25T19:54:11+00:00",
  "position": {
    "quantity": 0.228000,
    "entry_price": 2930.8561,
    "mark_price": 2918.5094,
    "unrealized_pnl": -2.8150
  },
  "balance": {
    "total": 201.59940279,
    "available": 132.24235180
  },
  "statistics": {
    "total_orders": 1266,
    "filled_orders": 627,
    "risk_triggers": 334
  }
}
