{
  "timestamp": "2025-11-26T05:24:55+00:00",
  "position": {
    "quantity": -0.009000,
    "entry_price": 2936.0100,
    "mark_price": 2936.3481,
    "unrealized_pnl": -0.0030
  },
  "balance": {
    "total": 198.10104799,
    "available": 182.21994051
  },
  "statistics": {
    "total_orders": 1266,
    "filled_orders": 627,
    "risk_triggers": 334
  }
}
