{
  "timestamp": "2025-11-25T14:33:32+00:00",
  "position": {
    "quantity": 0.024000,
    "entry_price": 2902.5233,
    "mark_price": 2902.3731,
    "unrealized_pnl": -0.0036
  },
  "balance": {
    "total": 92.25735859,
    "available": 85.26830410
  },
  "statistics": {
    "total_orders": 1266,
    "filled_orders": 627,
    "risk_triggers": 334
  }
}
