{
  "timestamp": "2025-11-26T03:54:00+00:00",
  "position": {
    "quantity": -0.288000,
    "entry_price": 2928.9483,
    "mark_price": 2929.0000,
    "unrealized_pnl": -0.0149
  },
  "balance": {
    "total": 206.08162694,
    "available": 121.70578694
  },
  "statistics": {
    "total_orders": 1266,
    "filled_orders": 627,
    "risk_triggers": 334
  }
}
