{
  "timestamp": "2025-11-26T05:53:15+00:00",
  "position": {
    "quantity": -0.252000,
    "entry_price": 2939.1205,
    "mark_price": 2940.7962,
    "unrealized_pnl": -0.4223
  },
  "balance": {
    "total": 197.81194477,
    "available": 123.28159097
  },
  "statistics": {
    "total_orders": 1266,
    "filled_orders": 627,
    "risk_triggers": 334
  }
}
