{
  "timestamp": "2025-11-26T03:11:28+00:00",
  "position": {
    "quantity": -0.288000,
    "entry_price": 2928.9483,
    "mark_price": 2952.3130,
    "unrealized_pnl": -6.7290
  },
  "balance": {
    "total": 206.08162694,
    "available": 114.32598551
  },
  "statistics": {
    "total_orders": 1266,
    "filled_orders": 627,
    "risk_triggers": 334
  }
}
