{
  "timestamp": "2025-11-25T19:45:07+00:00",
  "position": {
    "quantity": 0.228000,
    "entry_price": 2930.8561,
    "mark_price": 2904.4648,
    "unrealized_pnl": -6.0172
  },
  "balance": {
    "total": 201.59940279,
    "available": 129.02642153
  },
  "statistics": {
    "total_orders": 1266,
    "filled_orders": 627,
    "risk_triggers": 334
  }
}
