{
  "timestamp": "2025-11-25T21:40:51+00:00",
  "position": {
    "quantity": -0.048000,
    "entry_price": 2936.6675,
    "mark_price": 2937.0000,
    "unrealized_pnl": -0.0160
  },
  "balance": {
    "total": 204.06530483,
    "available": 129.84140383
  },
  "statistics": {
    "total_orders": 1266,
    "filled_orders": 627,
    "risk_triggers": 334
  }
}
