{
  "timestamp": "2025-11-25T17:36:45+00:00",
  "position": {
    "quantity": -0.120000,
    "entry_price": 2944.7869,
    "mark_price": 2945.5400,
    "unrealized_pnl": -0.0904
  },
  "balance": {
    "total": 199.53883385,
    "available": 163.83206536
  },
  "statistics": {
    "total_orders": 1266,
    "filled_orders": 627,
    "risk_triggers": 334
  }
}
