{
  "timestamp": "2025-11-25T19:18:07+00:00",
  "position": {
    "quantity": 0.228000,
    "entry_price": 2930.8561,
    "mark_price": 2889.7700,
    "unrealized_pnl": -9.3676
  },
  "balance": {
    "total": 201.59940279,
    "available": 126.34502398
  },
  "statistics": {
    "total_orders": 1266,
    "filled_orders": 627,
    "risk_triggers": 334
  }
}
