{
  "timestamp": "2025-11-25T17:39:47+00:00",
  "position": {
    "quantity": -0.048000,
    "entry_price": 2945.9303,
    "mark_price": 2942.7355,
    "unrealized_pnl": 0.1534
  },
  "balance": {
    "total": 199.55284008,
    "available": 174.94495302
  },
  "statistics": {
    "total_orders": 1266,
    "filled_orders": 627,
    "risk_triggers": 334
  }
}
