{
  "timestamp": "2025-11-26T02:31:00+00:00",
  "position": {
    "quantity": -0.288000,
    "entry_price": 2928.9483,
    "mark_price": 2960.5411,
    "unrealized_pnl": -9.0987
  },
  "balance": {
    "total": 206.08162694,
    "available": 111.67932351
  },
  "statistics": {
    "total_orders": 1266,
    "filled_orders": 627,
    "risk_triggers": 334
  }
}
