{
  "timestamp": "2025-11-26T05:14:49+00:00",
  "position": {
    "quantity": -0.270000,
    "entry_price": 2931.1172,
    "mark_price": 2935.1672,
    "unrealized_pnl": -1.0935
  },
  "balance": {
    "total": 200.01916923,
    "available": 119.67617773
  },
  "statistics": {
    "total_orders": 1266,
    "filled_orders": 627,
    "risk_triggers": 334
  }
}
