{
  "timestamp": "2025-11-25T20:58:39+00:00",
  "position": {
    "quantity": 0.072000,
    "entry_price": 2931.9662,
    "mark_price": 2931.3392,
    "unrealized_pnl": -0.0451
  },
  "balance": {
    "total": 203.05387629,
    "available": 146.42267683
  },
  "statistics": {
    "total_orders": 1266,
    "filled_orders": 627,
    "risk_triggers": 334
  }
}
