{
  "timestamp": "2025-11-25T19:42:06+00:00",
  "position": {
    "quantity": 0.228000,
    "entry_price": 2930.8561,
    "mark_price": 2900.4401,
    "unrealized_pnl": -6.9348
  },
  "balance": {
    "total": 201.59940279,
    "available": 128.53450666
  },
  "statistics": {
    "total_orders": 1266,
    "filled_orders": 627,
    "risk_triggers": 334
  }
}
