{
  "timestamp": "2025-11-25T22:36:07+00:00",
  "position": {
    "quantity": -0.252000,
    "entry_price": 2926.6829,
    "mark_price": 2936.4904,
    "unrealized_pnl": -2.4715
  },
  "balance": {
    "total": 206.08952311,
    "available": 119.00500597
  },
  "statistics": {
    "total_orders": 1266,
    "filled_orders": 627,
    "risk_triggers": 334
  }
}
