{
  "timestamp": "2025-11-25T20:45:36+00:00",
  "position": {
    "quantity": 0.168000,
    "entry_price": 2932.7003,
    "mark_price": 2931.9742,
    "unrealized_pnl": -0.1220
  },
  "balance": {
    "total": 202.49748872,
    "available": 153.06050757
  },
  "statistics": {
    "total_orders": 1266,
    "filled_orders": 627,
    "risk_triggers": 334
  }
}
