{
  "timestamp": "2025-11-25T19:21:09+00:00",
  "position": {
    "quantity": 0.228000,
    "entry_price": 2930.8561,
    "mark_price": 2881.9512,
    "unrealized_pnl": -11.1503
  },
  "balance": {
    "total": 201.59940279,
    "available": 124.29573334
  },
  "statistics": {
    "total_orders": 1266,
    "filled_orders": 627,
    "risk_triggers": 334
  }
}
