{
  "timestamp": "2025-11-25T20:59:40+00:00",
  "position": {
    "quantity": 0.156000,
    "entry_price": 2930.6004,
    "mark_price": 2927.9000,
    "unrealized_pnl": -0.4213
  },
  "balance": {
    "total": 203.01022521,
    "available": 153.45869817
  },
  "statistics": {
    "total_orders": 1266,
    "filled_orders": 627,
    "risk_triggers": 334
  }
}
