{
  "timestamp": "2025-11-25T21:30:37+00:00",
  "position": {
    "quantity": 0.000000,
    "entry_price": 0.0000,
    "mark_price": 2935.4400,
    "unrealized_pnl": 0.0000
  },
  "balance": {
    "total": 203.74678629,
    "available": 143.67453729
  },
  "statistics": {
    "total_orders": 1266,
    "filled_orders": 627,
    "risk_triggers": 334
  }
}
