{
  "timestamp": "2025-11-25T14:27:28+00:00",
  "position": {
    "quantity": -0.040000,
    "entry_price": 2913.2790,
    "mark_price": 2913.7900,
    "unrealized_pnl": -0.0204
  },
  "balance": {
    "total": 92.26377236,
    "available": 80.58817367
  },
  "statistics": {
    "total_orders": 1266,
    "filled_orders": 627,
    "risk_triggers": 334
  }
}
