{
  "timestamp": "2025-11-25T14:19:22+00:00",
  "position": {
    "quantity": 0.000000,
    "entry_price": 0.0000,
    "mark_price": 2908.6000,
    "unrealized_pnl": 0.0000
  },
  "balance": {
    "total": 92.45888719,
    "available": 87.79118418
  },
  "statistics": {
    "total_orders": 1266,
    "filled_orders": 627,
    "risk_triggers": 334
  }
}
