{
  "timestamp": "2025-11-26T00:59:59+00:00",
  "position": {
    "quantity": -0.288000,
    "entry_price": 2928.9483,
    "mark_price": 2952.3600,
    "unrealized_pnl": -6.7426
  },
  "balance": {
    "total": 206.08162694,
    "available": 114.34016665
  },
  "statistics": {
    "total_orders": 1266,
    "filled_orders": 627,
    "risk_triggers": 334
  }
}
