{
  "timestamp": "2025-11-25T19:19:08+00:00",
  "position": {
    "quantity": 0.228000,
    "entry_price": 2930.8561,
    "mark_price": 2887.1906,
    "unrealized_pnl": -9.9557
  },
  "balance": {
    "total": 201.59940279,
    "available": 125.63287503
  },
  "statistics": {
    "total_orders": 1266,
    "filled_orders": 627,
    "risk_triggers": 334
  }
}
