{
  "timestamp": "2025-11-25T13:38:03+00:00",
  "position": {
    "quantity": 0.000000,
    "entry_price": 0.0000,
    "mark_price": 2910.8400,
    "unrealized_pnl": 0.0000
  },
  "balance": {
    "total": 92.82558963,
    "available": 81.11090063
  },
  "statistics": {
    "total_orders": 1189,
    "filled_orders": 590,
    "risk_triggers": 326
  }
}
