{
  "timestamp": "2025-11-25T22:43:58+00:00",
  "position": {
    "quantity": -0.288000,
    "entry_price": 2928.9483,
    "mark_price": 2945.3976,
    "unrealized_pnl": -4.7374
  },
  "balance": {
    "total": 206.08952311,
    "available": 116.52466856
  },
  "statistics": {
    "total_orders": 1266,
    "filled_orders": 627,
    "risk_triggers": 334
  }
}
