{
  "timestamp": "2025-11-26T02:06:39+00:00",
  "position": {
    "quantity": -0.288000,
    "entry_price": 2928.9483,
    "mark_price": 2967.3300,
    "unrealized_pnl": -11.0539
  },
  "balance": {
    "total": 206.08162694,
    "available": 109.56860294
  },
  "statistics": {
    "total_orders": 1266,
    "filled_orders": 627,
    "risk_triggers": 334
  }
}
