{
  "timestamp": "2025-11-25T15:12:13+00:00",
  "position": {
    "quantity": 0.000000,
    "entry_price": 0.0000,
    "mark_price": 2879.6500,
    "unrealized_pnl": 0.0000
  },
  "balance": {
    "total": 90.91670355,
    "available": 88.60743755
  },
  "statistics": {
    "total_orders": 1266,
    "filled_orders": 627,
    "risk_triggers": 334
  }
}
