{
  "timestamp": "2025-11-25T23:37:34+00:00",
  "position": {
    "quantity": -0.288000,
    "entry_price": 2928.9483,
    "mark_price": 2963.0951,
    "unrealized_pnl": -9.8343
  },
  "balance": {
    "total": 206.08952311,
    "available": 110.91810723
  },
  "statistics": {
    "total_orders": 1266,
    "filled_orders": 627,
    "risk_triggers": 334
  }
}
