{
  "timestamp": "2025-11-25T19:57:22+00:00",
  "position": {
    "quantity": 0.228000,
    "entry_price": 2930.8561,
    "mark_price": 2919.6400,
    "unrealized_pnl": -2.5573
  },
  "balance": {
    "total": 201.59940279,
    "available": 132.47434799
  },
  "statistics": {
    "total_orders": 1266,
    "filled_orders": 627,
    "risk_triggers": 334
  }
}
