{
  "timestamp": "2025-11-25T23:56:41+00:00",
  "position": {
    "quantity": -0.288000,
    "entry_price": 2928.9483,
    "mark_price": 2955.9200,
    "unrealized_pnl": -7.7678
  },
  "balance": {
    "total": 206.08952311,
    "available": 113.19118710
  },
  "statistics": {
    "total_orders": 1266,
    "filled_orders": 627,
    "risk_triggers": 334
  }
}
