{
  "timestamp": "2025-11-25T16:10:00+00:00",
  "position": {
    "quantity": 0.063000,
    "entry_price": 2890.1233,
    "mark_price": 2887.7600,
    "unrealized_pnl": -0.1489
  },
  "balance": {
    "total": 89.84390747,
    "available": 67.17254637
  },
  "statistics": {
    "total_orders": 1266,
    "filled_orders": 627,
    "risk_triggers": 334
  }
}
