{
  "timestamp": "2025-11-25T20:46:36+00:00",
  "position": {
    "quantity": 0.108000,
    "entry_price": 2933.4544,
    "mark_price": 2935.4300,
    "unrealized_pnl": 0.2134
  },
  "balance": {
    "total": 202.73410116,
    "available": 164.20127824
  },
  "statistics": {
    "total_orders": 1266,
    "filled_orders": 627,
    "risk_triggers": 334
  }
}
