{
  "timestamp": "2025-11-25T20:35:22+00:00",
  "position": {
    "quantity": 0.132000,
    "entry_price": 2933.6309,
    "mark_price": 2931.9400,
    "unrealized_pnl": -0.2232
  },
  "balance": {
    "total": 202.53047766,
    "available": 156.55445713
  },
  "statistics": {
    "total_orders": 1266,
    "filled_orders": 627,
    "risk_triggers": 334
  }
}
