{
  "timestamp": "2025-11-25T16:03:56+00:00",
  "position": {
    "quantity": -0.036000,
    "entry_price": 2895.9554,
    "mark_price": 2897.8400,
    "unrealized_pnl": -0.0678
  },
  "balance": {
    "total": 89.91570952,
    "available": 68.98362118
  },
  "statistics": {
    "total_orders": 1266,
    "filled_orders": 627,
    "risk_triggers": 334
  }
}
