{
  "timestamp": "2025-11-26T02:56:22+00:00",
  "position": {
    "quantity": -0.288000,
    "entry_price": 2928.9483,
    "mark_price": 2960.2117,
    "unrealized_pnl": -9.0039
  },
  "balance": {
    "total": 206.08162694,
    "available": 111.81552885
  },
  "statistics": {
    "total_orders": 1266,
    "filled_orders": 627,
    "risk_triggers": 334
  }
}
