{
  "timestamp": "2025-11-25T14:12:17+00:00",
  "position": {
    "quantity": -0.008000,
    "entry_price": 2906.1600,
    "mark_price": 2906.0200,
    "unrealized_pnl": 0.0011
  },
  "balance": {
    "total": 92.59285746,
    "available": 87.93028945
  },
  "statistics": {
    "total_orders": 1266,
    "filled_orders": 627,
    "risk_triggers": 334
  }
}
