{
  "timestamp": "2025-11-25T17:46:52+00:00",
  "position": {
    "quantity": 0.096000,
    "entry_price": 2937.8635,
    "mark_price": 2937.0877,
    "unrealized_pnl": -0.0745
  },
  "balance": {
    "total": 199.50527040,
    "available": 146.60775104
  },
  "statistics": {
    "total_orders": 1266,
    "filled_orders": 627,
    "risk_triggers": 334
  }
}
