{
  "timestamp": "2025-11-25T20:03:24+00:00",
  "position": {
    "quantity": 0.228000,
    "entry_price": 2930.8561,
    "mark_price": 2922.0600,
    "unrealized_pnl": -2.0055
  },
  "balance": {
    "total": 201.59940279,
    "available": 132.93901199
  },
  "statistics": {
    "total_orders": 1266,
    "filled_orders": 627,
    "risk_triggers": 334
  }
}
