{
  "timestamp": "2025-11-26T02:03:36+00:00",
  "position": {
    "quantity": -0.288000,
    "entry_price": 2928.9483,
    "mark_price": 2969.5686,
    "unrealized_pnl": -11.6986
  },
  "balance": {
    "total": 206.08162694,
    "available": 108.81581135
  },
  "statistics": {
    "total_orders": 1266,
    "filled_orders": 627,
    "risk_triggers": 334
  }
}
