{
  "timestamp": "2025-11-25T16:46:04+00:00",
  "position": {
    "quantity": 0.056000,
    "entry_price": 2917.9829,
    "mark_price": 2917.9200,
    "unrealized_pnl": -0.0035
  },
  "balance": {
    "total": 89.11555356,
    "available": 65.77555360
  },
  "statistics": {
    "total_orders": 1266,
    "filled_orders": 627,
    "risk_triggers": 334
  }
}
