{
  "timestamp": "2025-11-26T03:17:31+00:00",
  "position": {
    "quantity": -0.288000,
    "entry_price": 2928.9483,
    "mark_price": 2956.8565,
    "unrealized_pnl": -8.0376
  },
  "balance": {
    "total": 206.08162694,
    "available": 112.88660728
  },
  "statistics": {
    "total_orders": 1266,
    "filled_orders": 627,
    "risk_triggers": 334
  }
}
