{
  "timestamp": "2025-11-25T23:52:39+00:00",
  "position": {
    "quantity": -0.288000,
    "entry_price": 2928.9483,
    "mark_price": 2953.0400,
    "unrealized_pnl": -6.9384
  },
  "balance": {
    "total": 206.08952311,
    "available": 114.10357111
  },
  "statistics": {
    "total_orders": 1266,
    "filled_orders": 627,
    "risk_triggers": 334
  }
}
