{
  "timestamp": "2025-11-25T15:16:16+00:00",
  "position": {
    "quantity": -0.008000,
    "entry_price": 2872.1600,
    "mark_price": 2872.3000,
    "unrealized_pnl": -0.0011
  },
  "balance": {
    "total": 90.91995524,
    "available": 88.62471348
  },
  "statistics": {
    "total_orders": 1266,
    "filled_orders": 627,
    "risk_triggers": 334
  }
}
