{
  "timestamp": "2025-11-25T20:52:26+00:00",
  "position": {
    "quantity": 0.060000,
    "entry_price": 2936.0639,
    "mark_price": 2937.4086,
    "unrealized_pnl": 0.0807
  },
  "balance": {
    "total": 203.45562162,
    "available": 171.65201633
  },
  "statistics": {
    "total_orders": 1266,
    "filled_orders": 627,
    "risk_triggers": 334
  }
}
