{
  "timestamp": "2025-11-25T16:45:03+00:00",
  "position": {
    "quantity": -0.024000,
    "entry_price": 2925.7566,
    "mark_price": 2923.8900,
    "unrealized_pnl": 0.0448
  },
  "balance": {
    "total": 89.00521495,
    "available": 63.26475999
  },
  "statistics": {
    "total_orders": 1266,
    "filled_orders": 627,
    "risk_triggers": 334
  }
}
