{
  "timestamp": "2025-11-25T22:00:57+00:00",
  "position": {
    "quantity": 0.060000,
    "entry_price": 2924.1372,
    "mark_price": 2923.7300,
    "unrealized_pnl": -0.0244
  },
  "balance": {
    "total": 205.98141864,
    "available": 174.12757427
  },
  "statistics": {
    "total_orders": 1266,
    "filled_orders": 627,
    "risk_triggers": 334
  }
}
