{
  "timestamp": "2025-11-25T22:02:46+00:00",
  "position": {
    "quantity": 0.072000,
    "entry_price": 2920.5329,
    "mark_price": 2918.5300,
    "unrealized_pnl": -0.1442
  },
  "balance": {
    "total": 205.80463141,
    "available": 166.80591980
  },
  "statistics": {
    "total_orders": 1266,
    "filled_orders": 627,
    "risk_triggers": 334
  }
}
