{
  "timestamp": "2025-11-25T20:25:19+00:00",
  "position": {
    "quantity": 0.204000,
    "entry_price": 2932.7138,
    "mark_price": 2925.5500,
    "unrealized_pnl": -1.4614
  },
  "balance": {
    "total": 202.18658409,
    "available": 140.86654928
  },
  "statistics": {
    "total_orders": 1266,
    "filled_orders": 627,
    "risk_triggers": 334
  }
}
