{
  "timestamp": "2025-11-25T23:23:27+00:00",
  "position": {
    "quantity": -0.288000,
    "entry_price": 2928.9483,
    "mark_price": 2964.5600,
    "unrealized_pnl": -10.2562
  },
  "balance": {
    "total": 206.08952311,
    "available": 110.41630711
  },
  "statistics": {
    "total_orders": 1266,
    "filled_orders": 627,
    "risk_triggers": 334
  }
}
