{
  "timestamp": "2025-11-26T02:02:36+00:00",
  "position": {
    "quantity": -0.288000,
    "entry_price": 2928.9483,
    "mark_price": 2968.0900,
    "unrealized_pnl": -11.2728
  },
  "balance": {
    "total": 206.08162694,
    "available": 109.32495494
  },
  "statistics": {
    "total_orders": 1266,
    "filled_orders": 627,
    "risk_triggers": 334
  }
}
