{
  "timestamp": "2025-11-25T19:23:10+00:00",
  "position": {
    "quantity": 0.228000,
    "entry_price": 2930.8561,
    "mark_price": 2873.4800,
    "unrealized_pnl": -13.0817
  },
  "balance": {
    "total": 201.59940279,
    "available": 123.00231599
  },
  "statistics": {
    "total_orders": 1266,
    "filled_orders": 627,
    "risk_triggers": 334
  }
}
