{
  "timestamp": "2025-11-25T23:57:41+00:00",
  "position": {
    "quantity": -0.288000,
    "entry_price": 2928.9483,
    "mark_price": 2956.5900,
    "unrealized_pnl": -7.9608
  },
  "balance": {
    "total": 206.08952311,
    "available": 112.99025354
  },
  "statistics": {
    "total_orders": 1266,
    "filled_orders": 627,
    "risk_triggers": 334
  }
}
