{
  "timestamp": "2025-11-26T02:09:40+00:00",
  "position": {
    "quantity": -0.288000,
    "entry_price": 2928.9483,
    "mark_price": 2965.7400,
    "unrealized_pnl": -10.5960
  },
  "balance": {
    "total": 206.08162694,
    "available": 110.07231493
  },
  "statistics": {
    "total_orders": 1266,
    "filled_orders": 627,
    "risk_triggers": 334
  }
}
