{
  "timestamp": "2025-11-25T22:19:51+00:00",
  "position": {
    "quantity": 0.024000,
    "entry_price": 2921.2574,
    "mark_price": 2922.0700,
    "unrealized_pnl": 0.0195
  },
  "balance": {
    "total": 206.06296332,
    "available": 153.22663830
  },
  "statistics": {
    "total_orders": 1266,
    "filled_orders": 627,
    "risk_triggers": 334
  }
}
