{
  "timestamp": "2025-11-25T18:26:30+00:00",
  "position": {
    "quantity": -0.156000,
    "entry_price": 2947.7154,
    "mark_price": 2945.7800,
    "unrealized_pnl": 0.3019
  },
  "balance": {
    "total": 201.01597307,
    "available": 148.11298548
  },
  "statistics": {
    "total_orders": 1266,
    "filled_orders": 627,
    "risk_triggers": 334
  }
}
