{
  "timestamp": "2025-11-25T17:59:11+00:00",
  "position": {
    "quantity": 0.156000,
    "entry_price": 2937.5020,
    "mark_price": 2935.7324,
    "unrealized_pnl": -0.2761
  },
  "balance": {
    "total": 199.97138110,
    "available": 143.36072857
  },
  "statistics": {
    "total_orders": 1266,
    "filled_orders": 627,
    "risk_triggers": 334
  }
}
