{
  "timestamp": "2025-11-25T17:06:24+00:00",
  "position": {
    "quantity": -0.088000,
    "entry_price": 2928.2595,
    "mark_price": 2924.1331,
    "unrealized_pnl": 0.3631
  },
  "balance": {
    "total": 89.85336841,
    "available": 64.48411704
  },
  "statistics": {
    "total_orders": 1266,
    "filled_orders": 627,
    "risk_triggers": 334
  }
}
