{
  "timestamp": "2025-11-26T04:52:38+00:00",
  "position": {
    "quantity": -0.009000,
    "entry_price": 2930.0900,
    "mark_price": 2930.8100,
    "unrealized_pnl": -0.0065
  },
  "balance": {
    "total": 199.99274803,
    "available": 194.70579303
  },
  "statistics": {
    "total_orders": 1266,
    "filled_orders": 627,
    "risk_triggers": 334
  }
}
