{
  "timestamp": "2025-11-25T21:08:31+00:00",
  "position": {
    "quantity": 0.168000,
    "entry_price": 2929.8396,
    "mark_price": 2925.2000,
    "unrealized_pnl": -0.7795
  },
  "balance": {
    "total": 202.94775310,
    "available": 153.01486194
  },
  "statistics": {
    "total_orders": 1266,
    "filled_orders": 627,
    "risk_triggers": 334
  }
}
