{
  "timestamp": "2025-11-25T21:26:36+00:00",
  "position": {
    "quantity": -0.036000,
    "entry_price": 2935.2501,
    "mark_price": 2935.6700,
    "unrealized_pnl": -0.0151
  },
  "balance": {
    "total": 203.51914432,
    "available": 125.78962137
  },
  "statistics": {
    "total_orders": 1266,
    "filled_orders": 627,
    "risk_triggers": 334
  }
}
