{
  "timestamp": "2025-11-25T21:54:44+00:00",
  "position": {
    "quantity": -0.192000,
    "entry_price": 2940.1408,
    "mark_price": 2935.7200,
    "unrealized_pnl": 0.8488
  },
  "balance": {
    "total": 204.21528079,
    "available": 138.08479946
  },
  "statistics": {
    "total_orders": 1266,
    "filled_orders": 627,
    "risk_triggers": 334
  }
}
