{
  "timestamp": "2025-11-25T17:33:54+00:00",
  "position": {
    "quantity": -0.072000,
    "entry_price": 2937.8457,
    "mark_price": 2938.5801,
    "unrealized_pnl": -0.0529
  },
  "balance": {
    "total": 200.13056842,
    "available": 178.89759945
  },
  "statistics": {
    "total_orders": 1266,
    "filled_orders": 627,
    "risk_triggers": 334
  }
}
