{
  "timestamp": "2025-11-25T16:50:07+00:00",
  "position": {
    "quantity": -0.096000,
    "entry_price": 2924.7423,
    "mark_price": 2926.4500,
    "unrealized_pnl": -0.1639
  },
  "balance": {
    "total": 89.10570554,
    "available": 46.67859830
  },
  "statistics": {
    "total_orders": 1266,
    "filled_orders": 627,
    "risk_triggers": 334
  }
}
