{
  "timestamp": "2025-11-25T21:19:46+00:00",
  "position": {
    "quantity": 0.120000,
    "entry_price": 2933.5250,
    "mark_price": 2931.6026,
    "unrealized_pnl": -0.2307
  },
  "balance": {
    "total": 203.57480170,
    "available": 161.11959959
  },
  "statistics": {
    "total_orders": 1266,
    "filled_orders": 627,
    "risk_triggers": 334
  }
}
