{
  "timestamp": "2025-11-25T21:27:48+00:00",
  "position": {
    "quantity": -0.096000,
    "entry_price": 2935.6608,
    "mark_price": 2936.0600,
    "unrealized_pnl": -0.0383
  },
  "balance": {
    "total": 203.55302501,
    "available": 118.77730436
  },
  "statistics": {
    "total_orders": 1266,
    "filled_orders": 627,
    "risk_triggers": 334
  }
}
