{
  "timestamp": "2025-11-26T05:05:46+00:00",
  "position": {
    "quantity": -0.043000,
    "entry_price": 2930.1658,
    "mark_price": 2930.1256,
    "unrealized_pnl": 0.0017
  },
  "balance": {
    "total": 200.06889554,
    "available": 131.41505208
  },
  "statistics": {
    "total_orders": 1266,
    "filled_orders": 627,
    "risk_triggers": 334
  }
}
