{
  "timestamp": "2025-11-25T20:48:37+00:00",
  "position": {
    "quantity": 0.132000,
    "entry_price": 2934.1338,
    "mark_price": 2937.1100,
    "unrealized_pnl": 0.3929
  },
  "balance": {
    "total": 202.90622912,
    "available": 160.96744783
  },
  "statistics": {
    "total_orders": 1266,
    "filled_orders": 627,
    "risk_triggers": 334
  }
}
