{
  "timestamp": "2025-11-25T20:46:25+00:00",
  "position": {
    "quantity": 0.144000,
    "entry_price": 2933.4544,
    "mark_price": 2935.7616,
    "unrealized_pnl": 0.3322
  },
  "balance": {
    "total": 202.65301980,
    "available": 157.14869894
  },
  "statistics": {
    "total_orders": 1266,
    "filled_orders": 627,
    "risk_triggers": 334
  }
}
