{
  "timestamp": "2025-11-25T22:04:58+00:00",
  "position": {
    "quantity": 0.168000,
    "entry_price": 2916.9922,
    "mark_price": 2909.0000,
    "unrealized_pnl": -1.3427
  },
  "balance": {
    "total": 205.62393694,
    "available": 155.41004261
  },
  "statistics": {
    "total_orders": 1266,
    "filled_orders": 627,
    "risk_triggers": 334
  }
}
