{
  "timestamp": "2025-11-25T20:05:24+00:00",
  "position": {
    "quantity": 0.228000,
    "entry_price": 2930.8561,
    "mark_price": 2922.1150,
    "unrealized_pnl": -1.9930
  },
  "balance": {
    "total": 201.59940279,
    "available": 132.95827775
  },
  "statistics": {
    "total_orders": 1266,
    "filled_orders": 627,
    "risk_triggers": 334
  }
}
