{
  "timestamp": "2025-11-26T05:01:41+00:00",
  "position": {
    "quantity": -0.045000,
    "entry_price": 2930.2508,
    "mark_price": 2930.0491,
    "unrealized_pnl": 0.0091
  },
  "balance": {
    "total": 200.02880176,
    "available": 155.13903231
  },
  "statistics": {
    "total_orders": 1266,
    "filled_orders": 627,
    "risk_triggers": 334
  }
}
