{
  "timestamp": "2025-11-26T04:53:38+00:00",
  "position": {
    "quantity": 0.009000,
    "entry_price": 2929.5800,
    "mark_price": 2930.0900,
    "unrealized_pnl": 0.0046
  },
  "balance": {
    "total": 199.99566553,
    "available": 192.09094753
  },
  "statistics": {
    "total_orders": 1266,
    "filled_orders": 627,
    "risk_triggers": 334
  }
}
