{
  "timestamp": "2025-11-25T19:56:11+00:00",
  "position": {
    "quantity": 0.228000,
    "entry_price": 2930.8561,
    "mark_price": 2916.5132,
    "unrealized_pnl": -3.2702
  },
  "balance": {
    "total": 201.59940279,
    "available": 131.71571984
  },
  "statistics": {
    "total_orders": 1266,
    "filled_orders": 627,
    "risk_triggers": 334
  }
}
