{
  "timestamp": "2025-11-25T20:56:27+00:00",
  "position": {
    "quantity": 0.084000,
    "entry_price": 2932.5287,
    "mark_price": 2932.8882,
    "unrealized_pnl": 0.0302
  },
  "balance": {
    "total": 203.07338916,
    "available": 153.55746563
  },
  "statistics": {
    "total_orders": 1266,
    "filled_orders": 627,
    "risk_triggers": 334
  }
}
