{
  "timestamp": "2025-11-26T03:53:00+00:00",
  "position": {
    "quantity": -0.288000,
    "entry_price": 2928.9483,
    "mark_price": 2931.8890,
    "unrealized_pnl": -0.8469
  },
  "balance": {
    "total": 206.08162694,
    "available": 120.80759073
  },
  "statistics": {
    "total_orders": 1266,
    "filled_orders": 627,
    "risk_triggers": 334
  }
}
