{
  "timestamp": "2025-11-26T04:20:17+00:00",
  "position": {
    "quantity": -0.024000,
    "entry_price": 2925.4400,
    "mark_price": 2925.5200,
    "unrealized_pnl": -0.0019
  },
  "balance": {
    "total": 207.50664556,
    "available": 196.96762456
  },
  "statistics": {
    "total_orders": 1266,
    "filled_orders": 627,
    "risk_triggers": 334
  }
}
