{
  "timestamp": "2025-11-25T23:48:38+00:00",
  "position": {
    "quantity": -0.288000,
    "entry_price": 2928.9483,
    "mark_price": 2962.6475,
    "unrealized_pnl": -9.7054
  },
  "balance": {
    "total": 206.08952311,
    "available": 111.05631555
  },
  "statistics": {
    "total_orders": 1266,
    "filled_orders": 627,
    "risk_triggers": 334
  }
}
