{
  "timestamp": "2025-11-26T06:21:29+00:00",
  "position": {
    "quantity": 0.000000,
    "entry_price": 0.0000,
    "mark_price": 2935.6500,
    "unrealized_pnl": 0.0000
  },
  "balance": {
    "total": 200.00000000,
    "available": 200.00000000
  },
  "statistics": {
    "total_orders": 1266,
    "filled_orders": 627,
    "risk_triggers": 334
  }
}
