{
  "timestamp": "2025-11-26T00:07:44+00:00",
  "position": {
    "quantity": -0.288000,
    "entry_price": 2928.9483,
    "mark_price": 2956.9100,
    "unrealized_pnl": -8.0530
  },
  "balance": {
    "total": 206.08162694,
    "available": 112.86965894
  },
  "statistics": {
    "total_orders": 1266,
    "filled_orders": 627,
    "risk_triggers": 334
  }
}
