{
  "timestamp": "2025-11-26T00:08:44+00:00",
  "position": {
    "quantity": -0.288000,
    "entry_price": 2928.9483,
    "mark_price": 2954.3600,
    "unrealized_pnl": -7.3186
  },
  "balance": {
    "total": 206.08162694,
    "available": 113.64293894
  },
  "statistics": {
    "total_orders": 1266,
    "filled_orders": 627,
    "risk_triggers": 334
  }
}
