{
  "timestamp": "2025-11-25T22:18:51+00:00",
  "position": {
    "quantity": 0.096000,
    "entry_price": 2919.6120,
    "mark_price": 2919.3013,
    "unrealized_pnl": -0.0298
  },
  "balance": {
    "total": 205.90758219,
    "available": 159.99397847
  },
  "statistics": {
    "total_orders": 1266,
    "filled_orders": 627,
    "risk_triggers": 334
  }
}
