{
  "timestamp": "2025-11-26T00:19:47+00:00",
  "position": {
    "quantity": -0.288000,
    "entry_price": 2928.9483,
    "mark_price": 2960.6953,
    "unrealized_pnl": -9.1431
  },
  "balance": {
    "total": 206.08162694,
    "available": 111.67047239
  },
  "statistics": {
    "total_orders": 1266,
    "filled_orders": 627,
    "risk_triggers": 334
  }
}
