{
  "timestamp": "2025-11-26T02:59:20+00:00",
  "position": {
    "quantity": -0.288000,
    "entry_price": 2928.9483,
    "mark_price": 2955.3500,
    "unrealized_pnl": -7.6037
  },
  "balance": {
    "total": 206.08162694,
    "available": 113.35119493
  },
  "statistics": {
    "total_orders": 1266,
    "filled_orders": 627,
    "risk_triggers": 334
  }
}
