{
  "timestamp": "2025-11-25T18:01:12+00:00",
  "position": {
    "quantity": 0.144000,
    "entry_price": 2937.4901,
    "mark_price": 2937.3600,
    "unrealized_pnl": -0.0187
  },
  "balance": {
    "total": 199.96965403,
    "available": 143.59258011
  },
  "statistics": {
    "total_orders": 1266,
    "filled_orders": 627,
    "risk_triggers": 334
  }
}
