{
  "timestamp": "2025-11-25T22:39:08+00:00",
  "position": {
    "quantity": -0.288000,
    "entry_price": 2928.9483,
    "mark_price": 2946.7700,
    "unrealized_pnl": -5.1326
  },
  "balance": {
    "total": 206.08952311,
    "available": 116.02942711
  },
  "statistics": {
    "total_orders": 1266,
    "filled_orders": 627,
    "risk_triggers": 334
  }
}
