{
  "timestamp": "2025-11-25T17:25:37+00:00",
  "position": {
    "quantity": -0.012000,
    "entry_price": 2933.6100,
    "mark_price": 2933.6100,
    "unrealized_pnl": 0.0000
  },
  "balance": {
    "total": 200.03435153,
    "available": 192.98617253
  },
  "statistics": {
    "total_orders": 1266,
    "filled_orders": 627,
    "risk_triggers": 334
  }
}
