{
  "timestamp": "2025-11-25T18:01:00+00:00",
  "position": {
    "quantity": 0.156000,
    "entry_price": 2937.5020,
    "mark_price": 2934.7400,
    "unrealized_pnl": -0.4309
  },
  "balance": {
    "total": 199.97138110,
    "available": 143.25930411
  },
  "statistics": {
    "total_orders": 1266,
    "filled_orders": 627,
    "risk_triggers": 334
  }
}
