{
  "timestamp": "2025-11-25T13:40:05+00:00",
  "position": {
    "quantity": 0.000000,
    "entry_price": 0.0000,
    "mark_price": 2908.2000,
    "unrealized_pnl": 0.0000
  },
  "balance": {
    "total": 92.74840390,
    "available": 92.74840390
  },
  "statistics": {
    "total_orders": 1266,
    "filled_orders": 627,
    "risk_triggers": 334
  }
}
