{
  "timestamp": "2025-11-25T22:55:12+00:00",
  "position": {
    "quantity": -0.288000,
    "entry_price": 2928.9483,
    "mark_price": 2947.4600,
    "unrealized_pnl": -5.3314
  },
  "balance": {
    "total": 206.08952311,
    "available": 115.87131511
  },
  "statistics": {
    "total_orders": 1266,
    "filled_orders": 627,
    "risk_triggers": 334
  }
}
