{
  "timestamp": "2025-11-25T18:08:05+00:00",
  "position": {
    "quantity": 0.048000,
    "entry_price": 2941.0554,
    "mark_price": 2942.5600,
    "unrealized_pnl": 0.0722
  },
  "balance": {
    "total": 200.56241468,
    "available": 158.29128311
  },
  "statistics": {
    "total_orders": 1266,
    "filled_orders": 627,
    "risk_triggers": 334
  }
}
