{
  "timestamp": "2025-11-26T01:55:31+00:00",
  "position": {
    "quantity": -0.288000,
    "entry_price": 2928.9483,
    "mark_price": 2964.5477,
    "unrealized_pnl": -10.2526
  },
  "balance": {
    "total": 206.08162694,
    "available": 110.36009391
  },
  "statistics": {
    "total_orders": 1266,
    "filled_orders": 627,
    "risk_triggers": 334
  }
}
