{
  "timestamp": "2025-11-25T20:33:21+00:00",
  "position": {
    "quantity": 0.048000,
    "entry_price": 2938.5357,
    "mark_price": 2938.4400,
    "unrealized_pnl": -0.0046
  },
  "balance": {
    "total": 202.96327136,
    "available": 167.55918547
  },
  "statistics": {
    "total_orders": 1266,
    "filled_orders": 627,
    "risk_triggers": 334
  }
}
