{
  "timestamp": "2025-11-25T17:56:09+00:00",
  "position": {
    "quantity": 0.072000,
    "entry_price": 2937.8392,
    "mark_price": 2938.2800,
    "unrealized_pnl": 0.0317
  },
  "balance": {
    "total": 199.89976325,
    "available": 157.66684145
  },
  "statistics": {
    "total_orders": 1266,
    "filled_orders": 627,
    "risk_triggers": 334
  }
}
