{
  "timestamp": "2025-11-25T23:16:21+00:00",
  "position": {
    "quantity": -0.288000,
    "entry_price": 2928.9483,
    "mark_price": 2969.4079,
    "unrealized_pnl": -11.6523
  },
  "balance": {
    "total": 206.08952311,
    "available": 108.87441618
  },
  "statistics": {
    "total_orders": 1266,
    "filled_orders": 627,
    "risk_triggers": 334
  }
}
