{
  "timestamp": "2025-11-26T05:33:02+00:00",
  "position": {
    "quantity": -0.252000,
    "entry_price": 2939.1205,
    "mark_price": 2942.4994,
    "unrealized_pnl": -0.8515
  },
  "balance": {
    "total": 197.81194477,
    "available": 122.79420262
  },
  "statistics": {
    "total_orders": 1266,
    "filled_orders": 627,
    "risk_triggers": 334
  }
}
