{
  "timestamp": "2025-11-25T22:13:50+00:00",
  "position": {
    "quantity": 0.168000,
    "entry_price": 2911.6842,
    "mark_price": 2908.9445,
    "unrealized_pnl": -0.4603
  },
  "balance": {
    "total": 205.22097787,
    "available": 155.86935548
  },
  "statistics": {
    "total_orders": 1266,
    "filled_orders": 627,
    "risk_triggers": 334
  }
}
