{
  "timestamp": "2025-11-25T22:58:02+00:00",
  "position": {
    "quantity": -0.288000,
    "entry_price": 2928.9483,
    "mark_price": 2966.9811,
    "unrealized_pnl": -10.9535
  },
  "balance": {
    "total": 206.08952311,
    "available": 109.48862608
  },
  "statistics": {
    "total_orders": 1266,
    "filled_orders": 627,
    "risk_triggers": 334
  }
}
