{
  "timestamp": "2025-11-25T15:28:27+00:00",
  "position": {
    "quantity": 0.032000,
    "entry_price": 2874.7605,
    "mark_price": 2876.1064,
    "unrealized_pnl": 0.0431
  },
  "balance": {
    "total": 90.66899554,
    "available": 79.20989578
  },
  "statistics": {
    "total_orders": 1266,
    "filled_orders": 627,
    "risk_triggers": 334
  }
}
