{
  "timestamp": "2025-11-25T18:39:41+00:00",
  "position": {
    "quantity": 0.024000,
    "entry_price": 2938.5011,
    "mark_price": 2938.5521,
    "unrealized_pnl": 0.0012
  },
  "balance": {
    "total": 202.02128619,
    "available": 184.42138753
  },
  "statistics": {
    "total_orders": 1266,
    "filled_orders": 627,
    "risk_triggers": 334
  }
}
