{
  "timestamp": "2025-11-25T21:20:35+00:00",
  "position": {
    "quantity": 0.120000,
    "entry_price": 2931.8910,
    "mark_price": 2931.1600,
    "unrealized_pnl": -0.0877
  },
  "balance": {
    "total": 203.38199703,
    "available": 157.57414196
  },
  "statistics": {
    "total_orders": 1266,
    "filled_orders": 627,
    "risk_triggers": 334
  }
}
