{
  "timestamp": "2025-11-25T17:50:04+00:00",
  "position": {
    "quantity": 0.084000,
    "entry_price": 2937.9892,
    "mark_price": 2939.3062,
    "unrealized_pnl": 0.1106
  },
  "balance": {
    "total": 199.67684803,
    "available": 150.42631863
  },
  "statistics": {
    "total_orders": 1266,
    "filled_orders": 627,
    "risk_triggers": 334
  }
}
