{
  "timestamp": "2025-11-25T22:09:48+00:00",
  "position": {
    "quantity": 0.024000,
    "entry_price": 2916.1564,
    "mark_price": 2918.1800,
    "unrealized_pnl": 0.0486
  },
  "balance": {
    "total": 205.48769189,
    "available": 138.64012970
  },
  "statistics": {
    "total_orders": 1266,
    "filled_orders": 627,
    "risk_triggers": 334
  }
}
