{
  "timestamp": "2025-11-25T23:42:35+00:00",
  "position": {
    "quantity": -0.288000,
    "entry_price": 2928.9483,
    "mark_price": 2965.4529,
    "unrealized_pnl": -10.5133
  },
  "balance": {
    "total": 206.08952311,
    "available": 110.17115282
  },
  "statistics": {
    "total_orders": 1266,
    "filled_orders": 627,
    "risk_triggers": 334
  }
}
