{
  "timestamp": "2025-11-25T18:55:37+00:00",
  "position": {
    "quantity": 0.156000,
    "entry_price": 2931.9727,
    "mark_price": 2930.7739,
    "unrealized_pnl": -0.1870
  },
  "balance": {
    "total": 201.59940279,
    "available": 134.60757437
  },
  "statistics": {
    "total_orders": 1266,
    "filled_orders": 627,
    "risk_triggers": 334
  }
}
