{
  "timestamp": "2025-11-26T00:15:46+00:00",
  "position": {
    "quantity": -0.288000,
    "entry_price": 2928.9483,
    "mark_price": 2953.3931,
    "unrealized_pnl": -7.0401
  },
  "balance": {
    "total": 206.08162694,
    "available": 113.98382785
  },
  "statistics": {
    "total_orders": 1266,
    "filled_orders": 627,
    "risk_triggers": 334
  }
}
