{
  "timestamp": "2025-11-26T01:56:32+00:00",
  "position": {
    "quantity": -0.288000,
    "entry_price": 2928.9483,
    "mark_price": 2966.9300,
    "unrealized_pnl": -10.9387
  },
  "balance": {
    "total": 206.08162694,
    "available": 109.68668294
  },
  "statistics": {
    "total_orders": 1266,
    "filled_orders": 627,
    "risk_triggers": 334
  }
}
