{
  "timestamp": "2025-11-25T23:03:03+00:00",
  "position": {
    "quantity": -0.288000,
    "entry_price": 2928.9483,
    "mark_price": 2960.9596,
    "unrealized_pnl": -9.2193
  },
  "balance": {
    "total": 206.08952311,
    "available": 111.58012519
  },
  "statistics": {
    "total_orders": 1266,
    "filled_orders": 627,
    "risk_triggers": 334
  }
}
