{
  "timestamp": "2025-11-26T02:56:17+00:00",
  "position": {
    "quantity": -0.288000,
    "entry_price": 2928.9483,
    "mark_price": 2960.2000,
    "unrealized_pnl": -9.0005
  },
  "balance": {
    "total": 206.08162694,
    "available": 111.81298694
  },
  "statistics": {
    "total_orders": 1266,
    "filled_orders": 627,
    "risk_triggers": 334
  }
}
