{
  "timestamp": "2025-11-26T03:29:45+00:00",
  "position": {
    "quantity": -0.288000,
    "entry_price": 2928.9483,
    "mark_price": 2958.4013,
    "unrealized_pnl": -8.4825
  },
  "balance": {
    "total": 206.08162694,
    "available": 112.39721052
  },
  "statistics": {
    "total_orders": 1266,
    "filled_orders": 627,
    "risk_triggers": 334
  }
}
