{
  "timestamp": "2025-11-25T23:36:19+00:00",
  "position": {
    "quantity": -0.288000,
    "entry_price": 2928.9483,
    "mark_price": 2962.0594,
    "unrealized_pnl": -9.5360
  },
  "balance": {
    "total": 206.08952311,
    "available": 111.24623680
  },
  "statistics": {
    "total_orders": 1266,
    "filled_orders": 627,
    "risk_triggers": 334
  }
}
