{
  "timestamp": "2025-11-26T03:46:57+00:00",
  "position": {
    "quantity": -0.288000,
    "entry_price": 2928.9483,
    "mark_price": 2932.3000,
    "unrealized_pnl": -0.9653
  },
  "balance": {
    "total": 206.08162694,
    "available": 120.64018694
  },
  "statistics": {
    "total_orders": 1266,
    "filled_orders": 627,
    "risk_triggers": 334
  }
}
