{
  "timestamp": "2025-11-26T04:57:40+00:00",
  "position": {
    "quantity": 0.009000,
    "entry_price": 2929.8800,
    "mark_price": 2930.0100,
    "unrealized_pnl": 0.0012
  },
  "balance": {
    "total": 199.98166342,
    "available": 160.43845984
  },
  "statistics": {
    "total_orders": 1266,
    "filled_orders": 627,
    "risk_triggers": 334
  }
}
