{
  "timestamp": "2025-11-25T18:48:32+00:00",
  "position": {
    "quantity": -0.036000,
    "entry_price": 2940.9800,
    "mark_price": 2941.3200,
    "unrealized_pnl": -0.0122
  },
  "balance": {
    "total": 202.13890238,
    "available": 159.70848738
  },
  "statistics": {
    "total_orders": 1266,
    "filled_orders": 627,
    "risk_triggers": 334
  }
}
