{
  "timestamp": "2025-11-26T04:02:05+00:00",
  "position": {
    "quantity": -0.192000,
    "entry_price": 2928.9483,
    "mark_price": 2928.5000,
    "unrealized_pnl": 0.0861
  },
  "balance": {
    "total": 206.74878694,
    "available": 150.57118692
  },
  "statistics": {
    "total_orders": 1266,
    "filled_orders": 627,
    "risk_triggers": 334
  }
}
