{
  "timestamp": "2025-11-25T19:04:42+00:00",
  "position": {
    "quantity": 0.228000,
    "entry_price": 2930.8561,
    "mark_price": 2907.5574,
    "unrealized_pnl": -5.3121
  },
  "balance": {
    "total": 201.59940279,
    "available": 129.99499881
  },
  "statistics": {
    "total_orders": 1266,
    "filled_orders": 627,
    "risk_triggers": 334
  }
}
