{
  "timestamp": "2025-11-26T01:58:42+00:00",
  "position": {
    "quantity": -0.288000,
    "entry_price": 2928.9483,
    "mark_price": 2966.8200,
    "unrealized_pnl": -10.9070
  },
  "balance": {
    "total": 206.08162694,
    "available": 109.73017094
  },
  "statistics": {
    "total_orders": 1266,
    "filled_orders": 627,
    "risk_triggers": 334
  }
}
