{
  "timestamp": "2025-11-25T23:31:32+00:00",
  "position": {
    "quantity": -0.288000,
    "entry_price": 2928.9483,
    "mark_price": 2959.6743,
    "unrealized_pnl": -8.8491
  },
  "balance": {
    "total": 206.08952311,
    "available": 112.00182601
  },
  "statistics": {
    "total_orders": 1266,
    "filled_orders": 627,
    "risk_triggers": 334
  }
}
