{
  "timestamp": "2025-11-25T19:24:10+00:00",
  "position": {
    "quantity": 0.228000,
    "entry_price": 2930.8561,
    "mark_price": 2876.5400,
    "unrealized_pnl": -12.3841
  },
  "balance": {
    "total": 201.59940279,
    "available": 123.63022799
  },
  "statistics": {
    "total_orders": 1266,
    "filled_orders": 627,
    "risk_triggers": 334
  }
}
