{
  "timestamp": "2025-11-25T15:52:50+00:00",
  "position": {
    "quantity": -0.044000,
    "entry_price": 2897.6112,
    "mark_price": 2899.2500,
    "unrealized_pnl": -0.0721
  },
  "balance": {
    "total": 89.83275070,
    "available": 74.97028612
  },
  "statistics": {
    "total_orders": 1266,
    "filled_orders": 627,
    "risk_triggers": 334
  }
}
