{
  "timestamp": "2025-11-25T22:00:46+00:00",
  "position": {
    "quantity": 0.036000,
    "entry_price": 2924.9981,
    "mark_price": 2924.2100,
    "unrealized_pnl": -0.0284
  },
  "balance": {
    "total": 205.99580176,
    "available": 170.67536026
  },
  "statistics": {
    "total_orders": 1266,
    "filled_orders": 627,
    "risk_triggers": 334
  }
}
