{
  "timestamp": "2025-11-25T17:54:57+00:00",
  "position": {
    "quantity": 0.036000,
    "entry_price": 2940.2281,
    "mark_price": 2940.0035,
    "unrealized_pnl": -0.0081
  },
  "balance": {
    "total": 199.96256915,
    "available": 161.19999520
  },
  "statistics": {
    "total_orders": 1266,
    "filled_orders": 627,
    "risk_triggers": 334
  }
}
