{
  "timestamp": "2025-11-25T16:22:07+00:00",
  "position": {
    "quantity": 0.000000,
    "entry_price": 0.0000,
    "mark_price": 2918.2609,
    "unrealized_pnl": 0.0000
  },
  "balance": {
    "total": 89.25945096,
    "available": 89.25945096
  },
  "statistics": {
    "total_orders": 1266,
    "filled_orders": 627,
    "risk_triggers": 334
  }
}
