{
  "timestamp": "2025-11-25T17:56:57+00:00",
  "position": {
    "quantity": 0.060000,
    "entry_price": 2938.1207,
    "mark_price": 2938.8100,
    "unrealized_pnl": 0.0414
  },
  "balance": {
    "total": 199.91037122,
    "available": 150.63376764
  },
  "statistics": {
    "total_orders": 1266,
    "filled_orders": 627,
    "risk_triggers": 334
  }
}
