{
  "timestamp": "2025-11-25T22:17:51+00:00",
  "position": {
    "quantity": 0.036000,
    "entry_price": 2920.9958,
    "mark_price": 2921.5000,
    "unrealized_pnl": 0.0182
  },
  "balance": {
    "total": 205.96174824,
    "available": 153.11737311
  },
  "statistics": {
    "total_orders": 1266,
    "filled_orders": 627,
    "risk_triggers": 334
  }
}
