{
  "timestamp": "2025-11-25T16:51:07+00:00",
  "position": {
    "quantity": -0.072000,
    "entry_price": 2925.6072,
    "mark_price": 2925.5783,
    "unrealized_pnl": 0.0021
  },
  "balance": {
    "total": 89.00079425,
    "available": 46.78781759
  },
  "statistics": {
    "total_orders": 1266,
    "filled_orders": 627,
    "risk_triggers": 334
  }
}
