{
  "timestamp": "2025-11-25T22:34:56+00:00",
  "position": {
    "quantity": -0.252000,
    "entry_price": 2926.6829,
    "mark_price": 2932.7518,
    "unrealized_pnl": -1.5294
  },
  "balance": {
    "total": 206.08952311,
    "available": 120.04135177
  },
  "statistics": {
    "total_orders": 1266,
    "filled_orders": 627,
    "risk_triggers": 334
  }
}
