{
  "timestamp": "2025-11-26T01:27:18+00:00",
  "position": {
    "quantity": -0.288000,
    "entry_price": 2928.9483,
    "mark_price": 2956.4500,
    "unrealized_pnl": -7.9205
  },
  "balance": {
    "total": 206.08162694,
    "available": 113.01250694
  },
  "statistics": {
    "total_orders": 1266,
    "filled_orders": 627,
    "risk_triggers": 334
  }
}
