{
  "timestamp": "2025-11-25T21:54:55+00:00",
  "position": {
    "quantity": -0.192000,
    "entry_price": 2940.1408,
    "mark_price": 2935.4700,
    "unrealized_pnl": 0.8968
  },
  "balance": {
    "total": 204.21528079,
    "available": 138.10303945
  },
  "statistics": {
    "total_orders": 1266,
    "filled_orders": 627,
    "risk_triggers": 334
  }
}
