{
  "timestamp": "2025-11-25T22:12:00+00:00",
  "position": {
    "quantity": 0.168000,
    "entry_price": 2912.2386,
    "mark_price": 2906.0756,
    "unrealized_pnl": -1.0354
  },
  "balance": {
    "total": 205.34004221,
    "available": 155.44611473
  },
  "statistics": {
    "total_orders": 1266,
    "filled_orders": 627,
    "risk_triggers": 334
  }
}
