{
  "timestamp": "2025-11-26T04:19:16+00:00",
  "position": {
    "quantity": 0.012000,
    "entry_price": 2924.4600,
    "mark_price": 2924.3254,
    "unrealized_pnl": -0.0016
  },
  "balance": {
    "total": 207.49404559,
    "available": 200.47467974
  },
  "statistics": {
    "total_orders": 1266,
    "filled_orders": 627,
    "risk_triggers": 334
  }
}
