{
  "timestamp": "2025-11-25T16:06:59+00:00",
  "position": {
    "quantity": 0.080000,
    "entry_price": 2890.8877,
    "mark_price": 2889.5800,
    "unrealized_pnl": -0.1046
  },
  "balance": {
    "total": 89.88176922,
    "available": 64.63914024
  },
  "statistics": {
    "total_orders": 1266,
    "filled_orders": 627,
    "risk_triggers": 334
  }
}
