{
  "timestamp": "2025-11-25T19:35:04+00:00",
  "position": {
    "quantity": 0.228000,
    "entry_price": 2930.8561,
    "mark_price": 2890.2529,
    "unrealized_pnl": -9.2575
  },
  "balance": {
    "total": 201.59940279,
    "available": 126.25649417
  },
  "statistics": {
    "total_orders": 1266,
    "filled_orders": 627,
    "risk_triggers": 334
  }
}
