{
  "timestamp": "2025-11-26T05:38:05+00:00",
  "position": {
    "quantity": -0.252000,
    "entry_price": 2939.1205,
    "mark_price": 2944.7989,
    "unrealized_pnl": -1.4310
  },
  "balance": {
    "total": 197.81194477,
    "available": 122.14957098
  },
  "statistics": {
    "total_orders": 1266,
    "filled_orders": 627,
    "risk_triggers": 334
  }
}
