{
  "timestamp": "2025-11-25T18:44:31+00:00",
  "position": {
    "quantity": 0.108000,
    "entry_price": 2938.2064,
    "mark_price": 2937.5362,
    "unrealized_pnl": -0.0724
  },
  "balance": {
    "total": 202.00779376,
    "available": 159.53455883
  },
  "statistics": {
    "total_orders": 1266,
    "filled_orders": 627,
    "risk_triggers": 334
  }
}
