{
  "timestamp": "2025-11-25T20:24:30+00:00",
  "position": {
    "quantity": 0.204000,
    "entry_price": 2932.7138,
    "mark_price": 2930.3619,
    "unrealized_pnl": -0.4798
  },
  "balance": {
    "total": 202.18658409,
    "available": 141.85358686
  },
  "statistics": {
    "total_orders": 1266,
    "filled_orders": 627,
    "risk_triggers": 334
  }
}
