{
  "timestamp": "2025-11-25T19:27:12+00:00",
  "position": {
    "quantity": 0.228000,
    "entry_price": 2930.8561,
    "mark_price": 2875.9360,
    "unrealized_pnl": -12.5218
  },
  "balance": {
    "total": 201.59940279,
    "available": 123.49123995
  },
  "statistics": {
    "total_orders": 1266,
    "filled_orders": 627,
    "risk_triggers": 334
  }
}
