{
  "timestamp": "2025-11-25T18:07:04+00:00",
  "position": {
    "quantity": 0.048000,
    "entry_price": 2941.3462,
    "mark_price": 2941.8342,
    "unrealized_pnl": 0.0234
  },
  "balance": {
    "total": 200.51838913,
    "available": 161.77448484
  },
  "statistics": {
    "total_orders": 1266,
    "filled_orders": 627,
    "risk_triggers": 334
  }
}
