{
  "timestamp": "2025-11-25T16:39:58+00:00",
  "position": {
    "quantity": 0.000000,
    "entry_price": 0.0000,
    "mark_price": 2917.9869,
    "unrealized_pnl": 0.0000
  },
  "balance": {
    "total": 89.23597881,
    "available": 65.80578281
  },
  "statistics": {
    "total_orders": 1266,
    "filled_orders": 627,
    "risk_triggers": 334
  }
}
