{
  "timestamp": "2025-11-25T23:26:14+00:00",
  "position": {
    "quantity": -0.288000,
    "entry_price": 2928.9483,
    "mark_price": 2967.6414,
    "unrealized_pnl": -11.1436
  },
  "balance": {
    "total": 206.08952311,
    "available": 109.47784661
  },
  "statistics": {
    "total_orders": 1266,
    "filled_orders": 627,
    "risk_triggers": 334
  }
}
