{
  "timestamp": "2025-11-26T02:07:39+00:00",
  "position": {
    "quantity": -0.288000,
    "entry_price": 2928.9483,
    "mark_price": 2969.1208,
    "unrealized_pnl": -11.5697
  },
  "balance": {
    "total": 206.08162694,
    "available": 109.00126917
  },
  "statistics": {
    "total_orders": 1266,
    "filled_orders": 627,
    "risk_triggers": 334
  }
}
