{
  "timestamp": "2025-11-26T04:11:11+00:00",
  "position": {
    "quantity": -0.192000,
    "entry_price": 2928.9483,
    "mark_price": 2922.0331,
    "unrealized_pnl": 1.3277
  },
  "balance": {
    "total": 206.74878694,
    "available": 151.97347652
  },
  "statistics": {
    "total_orders": 1266,
    "filled_orders": 627,
    "risk_triggers": 334
  }
}
