{
  "timestamp": "2025-11-25T22:11:49+00:00",
  "position": {
    "quantity": 0.168000,
    "entry_price": 2912.2386,
    "mark_price": 2906.6100,
    "unrealized_pnl": -0.9456
  },
  "balance": {
    "total": 205.34004221,
    "available": 155.56338519
  },
  "statistics": {
    "total_orders": 1266,
    "filled_orders": 627,
    "risk_triggers": 334
  }
}
