{
  "timestamp": "2025-11-25T17:51:55+00:00",
  "position": {
    "quantity": -0.084000,
    "entry_price": 2943.4324,
    "mark_price": 2943.8662,
    "unrealized_pnl": -0.0364
  },
  "balance": {
    "total": 199.86084550,
    "available": 143.23051144
  },
  "statistics": {
    "total_orders": 1266,
    "filled_orders": 627,
    "risk_triggers": 334
  }
}
