{
  "timestamp": "2025-11-25T22:40:57+00:00",
  "position": {
    "quantity": -0.288000,
    "entry_price": 2928.9483,
    "mark_price": 2951.1790,
    "unrealized_pnl": -6.4024
  },
  "balance": {
    "total": 206.08952311,
    "available": 114.69314919
  },
  "statistics": {
    "total_orders": 1266,
    "filled_orders": 627,
    "risk_triggers": 334
  }
}
