{
  "timestamp": "2025-11-25T22:22:03+00:00",
  "position": {
    "quantity": 0.096000,
    "entry_price": 2920.5004,
    "mark_price": 2919.8500,
    "unrealized_pnl": -0.0624
  },
  "balance": {
    "total": 205.98296754,
    "available": 153.01651969
  },
  "statistics": {
    "total_orders": 1266,
    "filled_orders": 627,
    "risk_triggers": 334
  }
}
