{
  "timestamp": "2025-11-25T17:34:44+00:00",
  "position": {
    "quantity": -0.096000,
    "entry_price": 2941.0968,
    "mark_price": 2946.1868,
    "unrealized_pnl": -0.4886
  },
  "balance": {
    "total": 199.92308908,
    "available": 167.63747075
  },
  "statistics": {
    "total_orders": 1266,
    "filled_orders": 627,
    "risk_triggers": 334
  }
}
