{
  "timestamp": "2025-11-25T20:53:38+00:00",
  "position": {
    "quantity": 0.072000,
    "entry_price": 2935.5554,
    "mark_price": 2935.9000,
    "unrealized_pnl": 0.0248
  },
  "balance": {
    "total": 203.38435444,
    "available": 171.53300368
  },
  "statistics": {
    "total_orders": 1266,
    "filled_orders": 627,
    "risk_triggers": 334
  }
}
