{
  "timestamp": "2025-11-25T16:16:04+00:00",
  "position": {
    "quantity": 0.020000,
    "entry_price": 2890.4857,
    "mark_price": 2891.8200,
    "unrealized_pnl": 0.0267
  },
  "balance": {
    "total": 89.96861766,
    "available": 75.54641927
  },
  "statistics": {
    "total_orders": 1266,
    "filled_orders": 627,
    "risk_triggers": 334
  }
}
