{
  "timestamp": "2025-11-26T03:37:50+00:00",
  "position": {
    "quantity": -0.288000,
    "entry_price": 2928.9483,
    "mark_price": 2940.7203,
    "unrealized_pnl": -3.3903
  },
  "balance": {
    "total": 206.08162694,
    "available": 117.99854668
  },
  "statistics": {
    "total_orders": 1266,
    "filled_orders": 627,
    "risk_triggers": 334
  }
}
