{
  "timestamp": "2025-11-25T20:30:32+00:00",
  "position": {
    "quantity": 0.180000,
    "entry_price": 2932.7138,
    "mark_price": 2930.4300,
    "unrealized_pnl": -0.4111
  },
  "balance": {
    "total": 202.20569305,
    "available": 148.95867031
  },
  "statistics": {
    "total_orders": 1266,
    "filled_orders": 627,
    "risk_triggers": 334
  }
}
