{
  "timestamp": "2025-11-25T19:39:17+00:00",
  "position": {
    "quantity": 0.228000,
    "entry_price": 2930.8561,
    "mark_price": 2892.1500,
    "unrealized_pnl": -8.8250
  },
  "balance": {
    "total": 201.59940279,
    "available": 126.83339999
  },
  "statistics": {
    "total_orders": 1266,
    "filled_orders": 627,
    "risk_triggers": 334
  }
}
