{
  "timestamp": "2025-11-25T16:55:11+00:00",
  "position": {
    "quantity": -0.016000,
    "entry_price": 2926.0558,
    "mark_price": 2923.8292,
    "unrealized_pnl": 0.0356
  },
  "balance": {
    "total": 89.20123348,
    "available": 54.06731756
  },
  "statistics": {
    "total_orders": 1266,
    "filled_orders": 627,
    "risk_triggers": 334
  }
}
