{
  "timestamp": "2025-11-25T17:47:52+00:00",
  "position": {
    "quantity": 0.072000,
    "entry_price": 2937.6844,
    "mark_price": 2937.9800,
    "unrealized_pnl": 0.0213
  },
  "balance": {
    "total": 199.46008503,
    "available": 146.65331511
  },
  "statistics": {
    "total_orders": 1266,
    "filled_orders": 627,
    "risk_triggers": 334
  }
}
