{
  "timestamp": "2025-11-25T17:31:42+00:00",
  "position": {
    "quantity": 0.108000,
    "entry_price": 2928.1346,
    "mark_price": 2928.8100,
    "unrealized_pnl": 0.0729
  },
  "balance": {
    "total": 199.74302658,
    "available": 161.16178778
  },
  "statistics": {
    "total_orders": 1266,
    "filled_orders": 627,
    "risk_triggers": 334
  }
}
