{
  "timestamp": "2025-11-25T16:07:59+00:00",
  "position": {
    "quantity": 0.075000,
    "entry_price": 2891.1933,
    "mark_price": 2890.5091,
    "unrealized_pnl": -0.0513
  },
  "balance": {
    "total": 89.89513229,
    "available": 60.04733095
  },
  "statistics": {
    "total_orders": 1266,
    "filled_orders": 627,
    "risk_triggers": 334
  }
}
