{
  "timestamp": "2025-11-25T23:15:21+00:00",
  "position": {
    "quantity": -0.288000,
    "entry_price": 2928.9483,
    "mark_price": 2971.3898,
    "unrealized_pnl": -12.2232
  },
  "balance": {
    "total": 206.08952311,
    "available": 108.29033894
  },
  "statistics": {
    "total_orders": 1266,
    "filled_orders": 627,
    "risk_triggers": 334
  }
}
