{
  "timestamp": "2025-11-25T19:33:04+00:00",
  "position": {
    "quantity": 0.228000,
    "entry_price": 2930.8561,
    "mark_price": 2883.4029,
    "unrealized_pnl": -10.8193
  },
  "balance": {
    "total": 201.59940279,
    "available": 125.03849856
  },
  "statistics": {
    "total_orders": 1266,
    "filled_orders": 627,
    "risk_triggers": 334
  }
}
