{
  "timestamp": "2025-11-25T18:05:03+00:00",
  "position": {
    "quantity": 0.180000,
    "entry_price": 2937.3315,
    "mark_price": 2937.7900,
    "unrealized_pnl": 0.0825
  },
  "balance": {
    "total": 199.97113071,
    "available": 136.67244423
  },
  "statistics": {
    "total_orders": 1266,
    "filled_orders": 627,
    "risk_triggers": 334
  }
}
