{
  "timestamp": "2025-11-25T21:44:52+00:00",
  "position": {
    "quantity": -0.228000,
    "entry_price": 2940.1408,
    "mark_price": 2937.7900,
    "unrealized_pnl": 0.5360
  },
  "balance": {
    "total": 204.03993106,
    "available": 126.98085148
  },
  "statistics": {
    "total_orders": 1266,
    "filled_orders": 627,
    "risk_triggers": 334
  }
}
