{
  "timestamp": "2025-11-25T22:10:48+00:00",
  "position": {
    "quantity": 0.084000,
    "entry_price": 2915.4980,
    "mark_price": 2914.1995,
    "unrealized_pnl": -0.1091
  },
  "balance": {
    "total": 205.51974755,
    "available": 155.98144311
  },
  "statistics": {
    "total_orders": 1266,
    "filled_orders": 627,
    "risk_triggers": 334
  }
}
