{
  "timestamp": "2025-11-25T17:15:33+00:00",
  "position": {
    "quantity": 0.000000,
    "entry_price": 0.0000,
    "mark_price": 2942.1848,
    "unrealized_pnl": 0.0000
  },
  "balance": {
    "total": 90.40567277,
    "available": 90.40567277
  },
  "statistics": {
    "total_orders": 1266,
    "filled_orders": 627,
    "risk_triggers": 334
  }
}
