{
  "timestamp": "2025-11-26T06:14:27+00:00",
  "position": {
    "quantity": 0.000000,
    "entry_price": 0.0000,
    "mark_price": 2948.7500,
    "unrealized_pnl": 0.0000
  },
  "balance": {
    "total": 195.42610946,
    "available": 195.42610946
  },
  "statistics": {
    "total_orders": 1266,
    "filled_orders": 627,
    "risk_triggers": 334
  }
}
