{
  "timestamp": "2025-11-26T02:10:49+00:00",
  "position": {
    "quantity": -0.288000,
    "entry_price": 2928.9483,
    "mark_price": 2969.4600,
    "unrealized_pnl": -11.6674
  },
  "balance": {
    "total": 206.08162694,
    "available": 108.88229894
  },
  "statistics": {
    "total_orders": 1266,
    "filled_orders": 627,
    "risk_triggers": 334
  }
}
