{
  "timestamp": "2025-11-25T22:33:06+00:00",
  "position": {
    "quantity": -0.252000,
    "entry_price": 2926.6829,
    "mark_price": 2931.8250,
    "unrealized_pnl": -1.2958
  },
  "balance": {
    "total": 206.08952311,
    "available": 120.29827093
  },
  "statistics": {
    "total_orders": 1266,
    "filled_orders": 627,
    "risk_triggers": 334
  }
}
