{
  "timestamp": "2025-11-26T05:28:58+00:00",
  "position": {
    "quantity": -0.117000,
    "entry_price": 2937.2272,
    "mark_price": 2937.8786,
    "unrealized_pnl": -0.0762
  },
  "balance": {
    "total": 198.08024201,
    "available": 150.39146527
  },
  "statistics": {
    "total_orders": 1266,
    "filled_orders": 627,
    "risk_triggers": 334
  }
}
