{
  "timestamp": "2025-11-25T18:45:44+00:00",
  "position": {
    "quantity": 0.060000,
    "entry_price": 2937.5467,
    "mark_price": 2938.2000,
    "unrealized_pnl": 0.0392
  },
  "balance": {
    "total": 201.96035303,
    "available": 159.73879294
  },
  "statistics": {
    "total_orders": 1266,
    "filled_orders": 627,
    "risk_triggers": 334
  }
}
