{
  "timestamp": "2025-11-25T17:54:07+00:00",
  "position": {
    "quantity": -0.048000,
    "entry_price": 2944.0679,
    "mark_price": 2943.5315,
    "unrealized_pnl": 0.0257
  },
  "balance": {
    "total": 199.88960664,
    "available": 150.37908069
  },
  "statistics": {
    "total_orders": 1266,
    "filled_orders": 627,
    "risk_triggers": 334
  }
}
