{
  "timestamp": "2025-11-25T22:46:59+00:00",
  "position": {
    "quantity": -0.288000,
    "entry_price": 2928.9483,
    "mark_price": 2942.1494,
    "unrealized_pnl": -3.8019
  },
  "balance": {
    "total": 206.08952311,
    "available": 117.25114016
  },
  "statistics": {
    "total_orders": 1266,
    "filled_orders": 627,
    "risk_triggers": 334
  }
}
