{
  "timestamp": "2025-11-26T05:00:42+00:00",
  "position": {
    "quantity": 0.090000,
    "entry_price": 2928.9923,
    "mark_price": 2929.7200,
    "unrealized_pnl": 0.0655
  },
  "balance": {
    "total": 199.98778053,
    "available": 155.23337733
  },
  "statistics": {
    "total_orders": 1266,
    "filled_orders": 627,
    "risk_triggers": 334
  }
}
