{
  "timestamp": "2025-11-25T16:15:03+00:00",
  "position": {
    "quantity": 0.058000,
    "entry_price": 2891.6420,
    "mark_price": 2891.6188,
    "unrealized_pnl": -0.0013
  },
  "balance": {
    "total": 89.95652118,
    "available": 66.73765290
  },
  "statistics": {
    "total_orders": 1266,
    "filled_orders": 627,
    "risk_triggers": 334
  }
}
