{
  "timestamp": "2025-11-25T14:20:23+00:00",
  "position": {
    "quantity": 0.000000,
    "entry_price": 0.0000,
    "mark_price": 2909.4900,
    "unrealized_pnl": 0.0000
  },
  "balance": {
    "total": 92.44256353,
    "available": 87.77486052
  },
  "statistics": {
    "total_orders": 1266,
    "filled_orders": 627,
    "risk_triggers": 334
  }
}
