{
  "timestamp": "2025-11-25T22:35:56+00:00",
  "position": {
    "quantity": -0.252000,
    "entry_price": 2926.6829,
    "mark_price": 2937.6300,
    "unrealized_pnl": -2.7587
  },
  "balance": {
    "total": 206.08952311,
    "available": 118.68911111
  },
  "statistics": {
    "total_orders": 1266,
    "filled_orders": 627,
    "risk_triggers": 334
  }
}
