{
  "timestamp": "2025-11-25T19:03:56+00:00",
  "position": {
    "quantity": 0.228000,
    "entry_price": 2930.8561,
    "mark_price": 2911.6200,
    "unrealized_pnl": -4.3858
  },
  "balance": {
    "total": 201.59940279,
    "available": 130.77392399
  },
  "statistics": {
    "total_orders": 1266,
    "filled_orders": 627,
    "risk_triggers": 334
  }
}
