{
  "timestamp": "2025-11-25T21:42:41+00:00",
  "position": {
    "quantity": -0.252000,
    "entry_price": 2940.1408,
    "mark_price": 2940.4196,
    "unrealized_pnl": -0.0703
  },
  "balance": {
    "total": 203.99455124,
    "available": 119.14160836
  },
  "statistics": {
    "total_orders": 1266,
    "filled_orders": 627,
    "risk_triggers": 334
  }
}
