{
  "timestamp": "2025-11-25T14:21:24+00:00",
  "position": {
    "quantity": 0.008000,
    "entry_price": 2906.8049,
    "mark_price": 2905.9926,
    "unrealized_pnl": -0.0065
  },
  "balance": {
    "total": 92.40989070,
    "available": 85.43201516
  },
  "statistics": {
    "total_orders": 1266,
    "filled_orders": 627,
    "risk_triggers": 334
  }
}
