{
  "timestamp": "2025-11-26T01:59:34+00:00",
  "position": {
    "quantity": -0.288000,
    "entry_price": 2928.9483,
    "mark_price": 2968.4555,
    "unrealized_pnl": -11.3781
  },
  "balance": {
    "total": 206.08162694,
    "available": 109.21203488
  },
  "statistics": {
    "total_orders": 1266,
    "filled_orders": 627,
    "risk_triggers": 334
  }
}
