{
  "timestamp": "2025-11-25T17:04:23+00:00",
  "position": {
    "quantity": -0.112000,
    "entry_price": 2928.2595,
    "mark_price": 2921.7660,
    "unrealized_pnl": 0.7273
  },
  "balance": {
    "total": 89.65874017,
    "available": 57.66223734
  },
  "statistics": {
    "total_orders": 1266,
    "filled_orders": 627,
    "risk_triggers": 334
  }
}
