{
  "timestamp": "2025-11-26T00:10:45+00:00",
  "position": {
    "quantity": -0.288000,
    "entry_price": 2928.9483,
    "mark_price": 2955.7467,
    "unrealized_pnl": -7.7179
  },
  "balance": {
    "total": 206.08162694,
    "available": 113.21381232
  },
  "statistics": {
    "total_orders": 1266,
    "filled_orders": 627,
    "risk_triggers": 334
  }
}
