{
  "timestamp": "2025-11-25T22:21:52+00:00",
  "position": {
    "quantity": 0.108000,
    "entry_price": 2920.6793,
    "mark_price": 2918.7528,
    "unrealized_pnl": -0.2081
  },
  "balance": {
    "total": 206.02005650,
    "available": 156.36971299
  },
  "statistics": {
    "total_orders": 1266,
    "filled_orders": 627,
    "risk_triggers": 334
  }
}
