{
  "timestamp": "2025-11-26T00:00:42+00:00",
  "position": {
    "quantity": -0.288000,
    "entry_price": 2928.9483,
    "mark_price": 2959.2386,
    "unrealized_pnl": -8.7236
  },
  "balance": {
    "total": 206.08162694,
    "available": 112.13195671
  },
  "statistics": {
    "total_orders": 1266,
    "filled_orders": 627,
    "risk_triggers": 334
  }
}
