{
  "timestamp": "2025-11-25T22:36:56+00:00",
  "position": {
    "quantity": -0.252000,
    "entry_price": 2926.6829,
    "mark_price": 2940.5800,
    "unrealized_pnl": -3.5021
  },
  "balance": {
    "total": 206.08952311,
    "available": 117.87137111
  },
  "statistics": {
    "total_orders": 1266,
    "filled_orders": 627,
    "risk_triggers": 334
  }
}
