{
  "timestamp": "2025-11-25T18:04:02+00:00",
  "position": {
    "quantity": 0.180000,
    "entry_price": 2937.3315,
    "mark_price": 2933.7962,
    "unrealized_pnl": -0.6363
  },
  "balance": {
    "total": 199.97113071,
    "available": 135.98815211
  },
  "statistics": {
    "total_orders": 1266,
    "filled_orders": 627,
    "risk_triggers": 334
  }
}
