{
  "timestamp": "2025-11-25T17:26:39+00:00",
  "position": {
    "quantity": 0.000000,
    "entry_price": 0.0000,
    "mark_price": 2934.0452,
    "unrealized_pnl": 0.0000
  },
  "balance": {
    "total": 200.03825930,
    "available": 192.98209530
  },
  "statistics": {
    "total_orders": 1266,
    "filled_orders": 627,
    "risk_triggers": 334
  }
}
