{
  "timestamp": "2025-11-25T21:59:45+00:00",
  "position": {
    "quantity": -0.048000,
    "entry_price": 2930.9364,
    "mark_price": 2930.4122,
    "unrealized_pnl": 0.0252
  },
  "balance": {
    "total": 205.92409957,
    "available": 160.13389028
  },
  "statistics": {
    "total_orders": 1266,
    "filled_orders": 627,
    "risk_triggers": 334
  }
}
