{
  "timestamp": "2025-11-25T17:32:54+00:00",
  "position": {
    "quantity": -0.024000,
    "entry_price": 2936.3400,
    "mark_price": 2937.1714,
    "unrealized_pnl": -0.0200
  },
  "balance": {
    "total": 200.14951785,
    "available": 186.02080365
  },
  "statistics": {
    "total_orders": 1266,
    "filled_orders": 627,
    "risk_triggers": 334
  }
}
