{
  "timestamp": "2025-11-26T01:16:15+00:00",
  "position": {
    "quantity": -0.288000,
    "entry_price": 2928.9483,
    "mark_price": 2949.9200,
    "unrealized_pnl": -6.0398
  },
  "balance": {
    "total": 206.08162694,
    "available": 115.06393094
  },
  "statistics": {
    "total_orders": 1266,
    "filled_orders": 627,
    "risk_triggers": 334
  }
}
