{
  "timestamp": "2025-11-26T03:35:48+00:00",
  "position": {
    "quantity": -0.288000,
    "entry_price": 2928.9483,
    "mark_price": 2937.9143,
    "unrealized_pnl": -2.5822
  },
  "balance": {
    "total": 206.08162694,
    "available": 118.75263493
  },
  "statistics": {
    "total_orders": 1266,
    "filled_orders": 627,
    "risk_triggers": 334
  }
}
