{
  "timestamp": "2025-11-25T19:07:00+00:00",
  "position": {
    "quantity": 0.228000,
    "entry_price": 2930.8561,
    "mark_price": 2908.2632,
    "unrealized_pnl": -5.1512
  },
  "balance": {
    "total": 201.59940279,
    "available": 130.05473824
  },
  "statistics": {
    "total_orders": 1266,
    "filled_orders": 627,
    "risk_triggers": 334
  }
}
