{
  "timestamp": "2025-11-25T22:20:03+00:00",
  "position": {
    "quantity": 0.012000,
    "entry_price": 2921.3837,
    "mark_price": 2922.5700,
    "unrealized_pnl": 0.0142
  },
  "balance": {
    "total": 206.07879055,
    "available": 153.24224028
  },
  "statistics": {
    "total_orders": 1266,
    "filled_orders": 627,
    "risk_triggers": 334
  }
}
