{
  "timestamp": "2025-11-25T17:07:25+00:00",
  "position": {
    "quantity": -0.088000,
    "entry_price": 2928.2595,
    "mark_price": 2923.4000,
    "unrealized_pnl": 0.4276
  },
  "balance": {
    "total": 89.85336841,
    "available": 64.58896532
  },
  "statistics": {
    "total_orders": 1266,
    "filled_orders": 627,
    "risk_triggers": 334
  }
}
