{
  "timestamp": "2025-11-26T02:17:53+00:00",
  "position": {
    "quantity": -0.288000,
    "entry_price": 2928.9483,
    "mark_price": 2973.2800,
    "unrealized_pnl": -12.7675
  },
  "balance": {
    "total": 206.08162694,
    "available": 107.68364294
  },
  "statistics": {
    "total_orders": 1266,
    "filled_orders": 627,
    "risk_triggers": 334
  }
}
