{
  "timestamp": "2025-11-25T21:38:40+00:00",
  "position": {
    "quantity": 0.156000,
    "entry_price": 2932.6675,
    "mark_price": 2932.8200,
    "unrealized_pnl": 0.0238
  },
  "balance": {
    "total": 203.78251416,
    "available": 143.99303831
  },
  "statistics": {
    "total_orders": 1266,
    "filled_orders": 627,
    "risk_triggers": 334
  }
}
