{
  "timestamp": "2025-11-25T18:09:17+00:00",
  "position": {
    "quantity": 0.024000,
    "entry_price": 2941.1187,
    "mark_price": 2942.6100,
    "unrealized_pnl": 0.0358
  },
  "balance": {
    "total": 200.59274365,
    "available": 158.33490681
  },
  "statistics": {
    "total_orders": 1266,
    "filled_orders": 627,
    "risk_triggers": 334
  }
}
