{
  "timestamp": "2025-11-25T22:45:59+00:00",
  "position": {
    "quantity": -0.288000,
    "entry_price": 2928.9483,
    "mark_price": 2945.5540,
    "unrealized_pnl": -4.7824
  },
  "balance": {
    "total": 206.08952311,
    "available": 116.50621340
  },
  "statistics": {
    "total_orders": 1266,
    "filled_orders": 627,
    "risk_triggers": 334
  }
}
