{
  "timestamp": "2025-11-25T16:31:54+00:00",
  "position": {
    "quantity": 0.000000,
    "entry_price": 0.0000,
    "mark_price": 2924.9552,
    "unrealized_pnl": 0.0000
  },
  "balance": {
    "total": 89.24041096,
    "available": 86.89465796
  },
  "statistics": {
    "total_orders": 1266,
    "filled_orders": 627,
    "risk_triggers": 334
  }
}
