{
  "timestamp": "2025-11-25T19:58:12+00:00",
  "position": {
    "quantity": 0.228000,
    "entry_price": 2930.8561,
    "mark_price": 2917.4000,
    "unrealized_pnl": -3.0680
  },
  "balance": {
    "total": 201.59940279,
    "available": 132.01469998
  },
  "statistics": {
    "total_orders": 1266,
    "filled_orders": 627,
    "risk_triggers": 334
  }
}
