{
  "timestamp": "2025-11-26T02:49:04+00:00",
  "position": {
    "quantity": -0.288000,
    "entry_price": 2928.9483,
    "mark_price": 2959.3067,
    "unrealized_pnl": -8.7432
  },
  "balance": {
    "total": 206.08162694,
    "available": 112.11038964
  },
  "statistics": {
    "total_orders": 1266,
    "filled_orders": 627,
    "risk_triggers": 334
  }
}
