{
  "timestamp": "2025-11-25T21:37:40+00:00",
  "position": {
    "quantity": 0.156000,
    "entry_price": 2932.6675,
    "mark_price": 2932.0094,
    "unrealized_pnl": -0.1027
  },
  "balance": {
    "total": 203.78251416,
    "available": 143.87922388
  },
  "statistics": {
    "total_orders": 1266,
    "filled_orders": 627,
    "risk_triggers": 334
  }
}
