{
  "timestamp": "2025-11-25T14:14:18+00:00",
  "position": {
    "quantity": -0.008000,
    "entry_price": 2910.3654,
    "mark_price": 2911.0629,
    "unrealized_pnl": -0.0056
  },
  "balance": {
    "total": 92.53065613,
    "available": 85.52977461
  },
  "statistics": {
    "total_orders": 1266,
    "filled_orders": 627,
    "risk_triggers": 334
  }
}
