{
  "timestamp": "2025-11-26T06:06:25+00:00",
  "position": {
    "quantity": 0.036000,
    "entry_price": 2946.2880,
    "mark_price": 2945.8300,
    "unrealized_pnl": -0.0165
  },
  "balance": {
    "total": 195.80435438,
    "available": 182.53164038
  },
  "statistics": {
    "total_orders": 1266,
    "filled_orders": 627,
    "risk_triggers": 334
  }
}
