{
  "timestamp": "2025-11-25T17:47:03+00:00",
  "position": {
    "quantity": 0.072000,
    "entry_price": 2937.8701,
    "mark_price": 2937.7108,
    "unrealized_pnl": -0.0115
  },
  "balance": {
    "total": 199.50314561,
    "available": 150.18919838
  },
  "statistics": {
    "total_orders": 1266,
    "filled_orders": 627,
    "risk_triggers": 334
  }
}
