{
  "timestamp": "2025-11-26T02:40:07+00:00",
  "position": {
    "quantity": -0.288000,
    "entry_price": 2928.9483,
    "mark_price": 2965.0277,
    "unrealized_pnl": -10.3909
  },
  "balance": {
    "total": 206.08162694,
    "available": 110.29797473
  },
  "statistics": {
    "total_orders": 1266,
    "filled_orders": 627,
    "risk_triggers": 334
  }
}
