{
  "timestamp": "2025-11-25T19:30:02+00:00",
  "position": {
    "quantity": 0.228000,
    "entry_price": 2930.8561,
    "mark_price": 2883.4686,
    "unrealized_pnl": -10.8043
  },
  "balance": {
    "total": 201.59940279,
    "available": 124.89269559
  },
  "statistics": {
    "total_orders": 1266,
    "filled_orders": 627,
    "risk_triggers": 334
  }
}
