{
  "timestamp": "2025-11-26T06:02:22+00:00",
  "position": {
    "quantity": -0.234000,
    "entry_price": 2939.1205,
    "mark_price": 2942.7328,
    "unrealized_pnl": -0.8453
  },
  "balance": {
    "total": 197.81195350,
    "available": 128.10672576
  },
  "statistics": {
    "total_orders": 1266,
    "filled_orders": 627,
    "risk_triggers": 334
  }
}
