{
  "timestamp": "2025-11-25T20:23:30+00:00",
  "position": {
    "quantity": 0.120000,
    "entry_price": 2933.4149,
    "mark_price": 2932.9564,
    "unrealized_pnl": -0.0550
  },
  "balance": {
    "total": 202.18676339,
    "available": 145.79011164
  },
  "statistics": {
    "total_orders": 1266,
    "filled_orders": 627,
    "risk_triggers": 334
  }
}
