{
  "timestamp": "2025-11-25T21:16:33+00:00",
  "position": {
    "quantity": 0.132000,
    "entry_price": 2930.1567,
    "mark_price": 2932.3400,
    "unrealized_pnl": 0.2882
  },
  "balance": {
    "total": 203.02830801,
    "available": 157.57531368
  },
  "statistics": {
    "total_orders": 1266,
    "filled_orders": 627,
    "risk_triggers": 334
  }
}
