{
  "timestamp": "2025-11-25T15:33:31+00:00",
  "position": {
    "quantity": -0.056000,
    "entry_price": 2897.9790,
    "mark_price": 2901.2600,
    "unrealized_pnl": -0.1837
  },
  "balance": {
    "total": 90.14458774,
    "available": 73.70427652
  },
  "statistics": {
    "total_orders": 1266,
    "filled_orders": 627,
    "risk_triggers": 334
  }
}
