{
  "timestamp": "2025-11-25T15:55:52+00:00",
  "position": {
    "quantity": 0.036000,
    "entry_price": 2894.9954,
    "mark_price": 2894.5994,
    "unrealized_pnl": -0.0143
  },
  "balance": {
    "total": 89.85462889,
    "available": 77.38038183
  },
  "statistics": {
    "total_orders": 1266,
    "filled_orders": 627,
    "risk_triggers": 334
  }
}
