{
  "timestamp": "2025-11-26T06:09:26+00:00",
  "position": {
    "quantity": -0.063000,
    "entry_price": 2947.9812,
    "mark_price": 2948.3372,
    "unrealized_pnl": -0.0224
  },
  "balance": {
    "total": 195.77525926,
    "available": 163.89226526
  },
  "statistics": {
    "total_orders": 1266,
    "filled_orders": 627,
    "risk_triggers": 334
  }
}
