{
  "timestamp": "2025-11-26T01:40:23+00:00",
  "position": {
    "quantity": -0.288000,
    "entry_price": 2928.9483,
    "mark_price": 2970.8582,
    "unrealized_pnl": -12.0700
  },
  "balance": {
    "total": 206.08162694,
    "available": 108.48257181
  },
  "statistics": {
    "total_orders": 1266,
    "filled_orders": 627,
    "risk_triggers": 334
  }
}
