{
  "timestamp": "2025-11-25T18:59:38+00:00",
  "position": {
    "quantity": 0.228000,
    "entry_price": 2930.8561,
    "mark_price": 2923.1500,
    "unrealized_pnl": -1.7570
  },
  "balance": {
    "total": 201.59940279,
    "available": 133.19459999
  },
  "statistics": {
    "total_orders": 1266,
    "filled_orders": 627,
    "risk_triggers": 334
  }
}
