{
  "timestamp": "2025-11-25T20:38:34+00:00",
  "position": {
    "quantity": 0.180000,
    "entry_price": 2932.7003,
    "mark_price": 2929.3676,
    "unrealized_pnl": -0.5999
  },
  "balance": {
    "total": 202.49245256,
    "available": 149.16394542
  },
  "statistics": {
    "total_orders": 1266,
    "filled_orders": 627,
    "risk_triggers": 334
  }
}
