{
  "timestamp": "2025-11-26T02:22:50+00:00",
  "position": {
    "quantity": -0.288000,
    "entry_price": 2928.9483,
    "mark_price": 2964.2321,
    "unrealized_pnl": -10.1617
  },
  "balance": {
    "total": 206.08162694,
    "available": 110.55001669
  },
  "statistics": {
    "total_orders": 1266,
    "filled_orders": 627,
    "risk_triggers": 334
  }
}
