{
  "timestamp": "2025-11-25T21:07:31+00:00",
  "position": {
    "quantity": 0.168000,
    "entry_price": 2929.8396,
    "mark_price": 2923.4003,
    "unrealized_pnl": -1.0818
  },
  "balance": {
    "total": 202.94775310,
    "available": 152.73429734
  },
  "statistics": {
    "total_orders": 1266,
    "filled_orders": 627,
    "risk_triggers": 334
  }
}
