{
  "timestamp": "2025-11-25T18:10:08+00:00",
  "position": {
    "quantity": -0.060000,
    "entry_price": 2946.0770,
    "mark_price": 2946.3116,
    "unrealized_pnl": -0.0141
  },
  "balance": {
    "total": 200.67791478,
    "available": 165.25821721
  },
  "statistics": {
    "total_orders": 1266,
    "filled_orders": 627,
    "risk_triggers": 334
  }
}
