{
  "timestamp": "2025-11-25T22:24:52+00:00",
  "position": {
    "quantity": -0.012000,
    "entry_price": 2923.0600,
    "mark_price": 2923.0100,
    "unrealized_pnl": 0.0006
  },
  "balance": {
    "total": 206.08952311,
    "available": 132.17557511
  },
  "statistics": {
    "total_orders": 1266,
    "filled_orders": 627,
    "risk_triggers": 334
  }
}
