{
  "timestamp": "2025-11-25T17:05:23+00:00",
  "position": {
    "quantity": -0.088000,
    "entry_price": 2928.2595,
    "mark_price": 2921.4000,
    "unrealized_pnl": 0.6036
  },
  "balance": {
    "total": 89.85336841,
    "available": 64.72844532
  },
  "statistics": {
    "total_orders": 1266,
    "filled_orders": 627,
    "risk_triggers": 334
  }
}
