{
  "timestamp": "2025-11-25T20:13:16+00:00",
  "position": {
    "quantity": 0.228000,
    "entry_price": 2930.8561,
    "mark_price": 2927.4616,
    "unrealized_pnl": -0.7739
  },
  "balance": {
    "total": 201.59940279,
    "available": 134.05389572
  },
  "statistics": {
    "total_orders": 1266,
    "filled_orders": 627,
    "risk_triggers": 334
  }
}
