{
  "timestamp": "2025-11-25T20:11:26+00:00",
  "position": {
    "quantity": 0.228000,
    "entry_price": 2930.8561,
    "mark_price": 2920.7737,
    "unrealized_pnl": -2.2988
  },
  "balance": {
    "total": 201.59940279,
    "available": 132.66966020
  },
  "statistics": {
    "total_orders": 1266,
    "filled_orders": 627,
    "risk_triggers": 334
  }
}
