{
  "timestamp": "2025-11-25T20:18:28+00:00",
  "position": {
    "quantity": 0.156000,
    "entry_price": 2930.8561,
    "mark_price": 2931.8087,
    "unrealized_pnl": 0.1486
  },
  "balance": {
    "total": 201.76828611,
    "available": 156.12940439
  },
  "statistics": {
    "total_orders": 1266,
    "filled_orders": 627,
    "risk_triggers": 334
  }
}
