{
  "timestamp": "2025-11-25T19:49:08+00:00",
  "position": {
    "quantity": 0.228000,
    "entry_price": 2930.8561,
    "mark_price": 2903.1279,
    "unrealized_pnl": -6.3220
  },
  "balance": {
    "total": 201.59940279,
    "available": 129.08607516
  },
  "statistics": {
    "total_orders": 1266,
    "filled_orders": 627,
    "risk_triggers": 334
  }
}
