{
  "timestamp": "2025-11-25T22:28:05+00:00",
  "position": {
    "quantity": -0.252000,
    "entry_price": 2926.6829,
    "mark_price": 2927.0800,
    "unrealized_pnl": -0.1001
  },
  "balance": {
    "total": 206.08952311,
    "available": 121.61357111
  },
  "statistics": {
    "total_orders": 1266,
    "filled_orders": 627,
    "risk_triggers": 334
  }
}
