{
  "timestamp": "2025-11-25T17:40:59+00:00",
  "position": {
    "quantity": -0.156000,
    "entry_price": 2947.6079,
    "mark_price": 2949.1900,
    "unrealized_pnl": -0.2468
  },
  "balance": {
    "total": 199.41650558,
    "available": 153.16233523
  },
  "statistics": {
    "total_orders": 1266,
    "filled_orders": 627,
    "risk_triggers": 334
  }
}
