{
  "timestamp": "2025-11-25T22:09:59+00:00",
  "position": {
    "quantity": 0.000000,
    "entry_price": 0.0000,
    "mark_price": 2918.2407,
    "unrealized_pnl": 0.0000
  },
  "balance": {
    "total": 205.56337769,
    "available": 138.68015569
  },
  "statistics": {
    "total_orders": 1266,
    "filled_orders": 627,
    "risk_triggers": 334
  }
}
