{
  "timestamp": "2025-11-25T19:40:06+00:00",
  "position": {
    "quantity": 0.228000,
    "entry_price": 2930.8561,
    "mark_price": 2895.0000,
    "unrealized_pnl": -8.1752
  },
  "balance": {
    "total": 201.59940279,
    "available": 127.37033999
  },
  "statistics": {
    "total_orders": 1266,
    "filled_orders": 627,
    "risk_triggers": 334
  }
}
