{
  "timestamp": "2025-11-25T23:58:42+00:00",
  "position": {
    "quantity": -0.288000,
    "entry_price": 2928.9483,
    "mark_price": 2957.2774,
    "unrealized_pnl": -8.1588
  },
  "balance": {
    "total": 206.08952311,
    "available": 112.76117024
  },
  "statistics": {
    "total_orders": 1266,
    "filled_orders": 627,
    "risk_triggers": 334
  }
}
