{
  "timestamp": "2025-11-26T04:00:05+00:00",
  "position": {
    "quantity": -0.192000,
    "entry_price": 2928.9483,
    "mark_price": 2925.1473,
    "unrealized_pnl": 0.7298
  },
  "balance": {
    "total": 206.74878694,
    "available": 151.28643829
  },
  "statistics": {
    "total_orders": 1266,
    "filled_orders": 627,
    "risk_triggers": 334
  }
}
