{
  "timestamp": "2025-11-25T20:13:27+00:00",
  "position": {
    "quantity": 0.228000,
    "entry_price": 2930.8561,
    "mark_price": 2928.6354,
    "unrealized_pnl": -0.5063
  },
  "balance": {
    "total": 201.59940279,
    "available": 134.27337209
  },
  "statistics": {
    "total_orders": 1266,
    "filled_orders": 627,
    "risk_triggers": 334
  }
}
