{
  "timestamp": "2025-11-25T15:58:53+00:00",
  "position": {
    "quantity": 0.024000,
    "entry_price": 2894.7740,
    "mark_price": 2894.4400,
    "unrealized_pnl": -0.0080
  },
  "balance": {
    "total": 89.83889674,
    "available": 72.75738354
  },
  "statistics": {
    "total_orders": 1266,
    "filled_orders": 627,
    "risk_triggers": 334
  }
}
