{
  "timestamp": "2025-11-25T22:59:02+00:00",
  "position": {
    "quantity": -0.288000,
    "entry_price": 2928.9483,
    "mark_price": 2974.5300,
    "unrealized_pnl": -13.1275
  },
  "balance": {
    "total": 206.08952311,
    "available": 107.29553910
  },
  "statistics": {
    "total_orders": 1266,
    "filled_orders": 627,
    "risk_triggers": 334
  }
}
