{
  "timestamp": "2025-11-26T00:31:50+00:00",
  "position": {
    "quantity": -0.288000,
    "entry_price": 2928.9483,
    "mark_price": 2956.5369,
    "unrealized_pnl": -7.9455
  },
  "balance": {
    "total": 206.08162694,
    "available": 112.98784211
  },
  "statistics": {
    "total_orders": 1266,
    "filled_orders": 627,
    "risk_triggers": 334
  }
}
