{
  "timestamp": "2025-11-26T03:43:54+00:00",
  "position": {
    "quantity": -0.288000,
    "entry_price": 2928.9483,
    "mark_price": 2934.6797,
    "unrealized_pnl": -1.6506
  },
  "balance": {
    "total": 206.08162694,
    "available": 119.91222415
  },
  "statistics": {
    "total_orders": 1266,
    "filled_orders": 627,
    "risk_triggers": 334
  }
}
