{
  "timestamp": "2025-11-25T21:52:55+00:00",
  "position": {
    "quantity": -0.204000,
    "entry_price": 2940.1408,
    "mark_price": 2938.9312,
    "unrealized_pnl": 0.2468
  },
  "balance": {
    "total": 204.14867088,
    "available": 133.82779014
  },
  "statistics": {
    "total_orders": 1266,
    "filled_orders": 627,
    "risk_triggers": 334
  }
}
