{
  "timestamp": "2025-11-25T22:54:01+00:00",
  "position": {
    "quantity": -0.288000,
    "entry_price": 2928.9483,
    "mark_price": 2946.4375,
    "unrealized_pnl": -5.0369
  },
  "balance": {
    "total": 206.08952311,
    "available": 116.19525104
  },
  "statistics": {
    "total_orders": 1266,
    "filled_orders": 627,
    "risk_triggers": 334
  }
}
