{
  "timestamp": "2025-11-26T01:48:34+00:00",
  "position": {
    "quantity": -0.288000,
    "entry_price": 2928.9483,
    "mark_price": 2972.4643,
    "unrealized_pnl": -12.5326
  },
  "balance": {
    "total": 206.08162694,
    "available": 107.94204386
  },
  "statistics": {
    "total_orders": 1266,
    "filled_orders": 627,
    "risk_triggers": 334
  }
}
