{
  "timestamp": "2025-11-25T20:15:16+00:00",
  "position": {
    "quantity": 0.192000,
    "entry_price": 2930.8561,
    "mark_price": 2932.4000,
    "unrealized_pnl": 0.2964
  },
  "balance": {
    "total": 201.67322445,
    "available": 145.66757998
  },
  "statistics": {
    "total_orders": 1266,
    "filled_orders": 627,
    "risk_triggers": 334
  }
}
