{
  "timestamp": "2025-11-25T23:31:18+00:00",
  "position": {
    "quantity": -0.288000,
    "entry_price": 2928.9483,
    "mark_price": 2959.2120,
    "unrealized_pnl": -8.7159
  },
  "balance": {
    "total": 206.08952311,
    "available": 112.14021688
  },
  "statistics": {
    "total_orders": 1266,
    "filled_orders": 627,
    "risk_triggers": 334
  }
}
