{
  "timestamp": "2025-11-26T01:33:19+00:00",
  "position": {
    "quantity": -0.288000,
    "entry_price": 2928.9483,
    "mark_price": 2969.2919,
    "unrealized_pnl": -11.6190
  },
  "balance": {
    "total": 206.08162694,
    "available": 108.94706347
  },
  "statistics": {
    "total_orders": 1266,
    "filled_orders": 627,
    "risk_triggers": 334
  }
}
