{
  "timestamp": "2025-11-26T05:18:48+00:00",
  "position": {
    "quantity": -0.270000,
    "entry_price": 2931.1172,
    "mark_price": 2941.2125,
    "unrealized_pnl": -2.7257
  },
  "balance": {
    "total": 200.01916923,
    "available": 117.75178652
  },
  "statistics": {
    "total_orders": 1266,
    "filled_orders": 627,
    "risk_triggers": 334
  }
}
