{
  "timestamp": "2025-11-25T17:38:58+00:00",
  "position": {
    "quantity": -0.144000,
    "entry_price": 2946.8138,
    "mark_price": 2947.1383,
    "unrealized_pnl": -0.0467
  },
  "balance": {
    "total": 199.30474612,
    "available": 149.73221481
  },
  "statistics": {
    "total_orders": 1266,
    "filled_orders": 627,
    "risk_triggers": 334
  }
}
