{
  "timestamp": "2025-11-25T19:01:40+00:00",
  "position": {
    "quantity": 0.228000,
    "entry_price": 2930.8561,
    "mark_price": 2926.4000,
    "unrealized_pnl": -1.0160
  },
  "balance": {
    "total": 201.59940279,
    "available": 133.60841999
  },
  "statistics": {
    "total_orders": 1266,
    "filled_orders": 627,
    "risk_triggers": 334
  }
}
