{
  "timestamp": "2025-11-25T17:01:21+00:00",
  "position": {
    "quantity": -0.176000,
    "entry_price": 2929.4872,
    "mark_price": 2928.1800,
    "unrealized_pnl": 0.2301
  },
  "balance": {
    "total": 89.13817909,
    "available": 37.81995064
  },
  "statistics": {
    "total_orders": 1266,
    "filled_orders": 627,
    "risk_triggers": 334
  }
}
