{
  "timestamp": "2025-11-26T00:20:47+00:00",
  "position": {
    "quantity": -0.288000,
    "entry_price": 2928.9483,
    "mark_price": 2965.7720,
    "unrealized_pnl": -10.6052
  },
  "balance": {
    "total": 206.08162694,
    "available": 110.06216610
  },
  "statistics": {
    "total_orders": 1266,
    "filled_orders": 627,
    "risk_triggers": 334
  }
}
