{
  "timestamp": "2025-11-26T06:08:26+00:00",
  "position": {
    "quantity": -0.036000,
    "entry_price": 2947.1560,
    "mark_price": 2947.4900,
    "unrealized_pnl": -0.0120
  },
  "balance": {
    "total": 195.78287510,
    "available": 171.86990710
  },
  "statistics": {
    "total_orders": 1266,
    "filled_orders": 627,
    "risk_triggers": 334
  }
}
