{
  "timestamp": "2025-11-26T01:17:16+00:00",
  "position": {
    "quantity": -0.288000,
    "entry_price": 2928.9483,
    "mark_price": 2949.0820,
    "unrealized_pnl": -5.7985
  },
  "balance": {
    "total": 206.08162694,
    "available": 115.34956382
  },
  "statistics": {
    "total_orders": 1266,
    "filled_orders": 627,
    "risk_triggers": 334
  }
}
