{
  "timestamp": "2025-11-26T03:16:30+00:00",
  "position": {
    "quantity": -0.288000,
    "entry_price": 2928.9483,
    "mark_price": 2953.9500,
    "unrealized_pnl": -7.2005
  },
  "balance": {
    "total": 206.08162694,
    "available": 113.73538694
  },
  "statistics": {
    "total_orders": 1266,
    "filled_orders": 627,
    "risk_triggers": 334
  }
}
