{
  "timestamp": "2025-11-25T22:08:48+00:00",
  "position": {
    "quantity": 0.108000,
    "entry_price": 2916.4138,
    "mark_price": 2915.8600,
    "unrealized_pnl": -0.0598
  },
  "balance": {
    "total": 205.47081472,
    "available": 155.99760952
  },
  "statistics": {
    "total_orders": 1266,
    "filled_orders": 627,
    "risk_triggers": 334
  }
}
