{
  "timestamp": "2025-11-25T21:52:44+00:00",
  "position": {
    "quantity": -0.204000,
    "entry_price": 2940.1408,
    "mark_price": 2939.5000,
    "unrealized_pnl": 0.1307
  },
  "balance": {
    "total": 204.14867088,
    "available": 133.70014347
  },
  "statistics": {
    "total_orders": 1266,
    "filled_orders": 627,
    "risk_triggers": 334
  }
}
