{
  "timestamp": "2025-11-25T15:22:22+00:00",
  "position": {
    "quantity": 0.008000,
    "entry_price": 2870.0200,
    "mark_price": 2870.2663,
    "unrealized_pnl": 0.0020
  },
  "balance": {
    "total": 90.79498527,
    "available": 86.20484520
  },
  "statistics": {
    "total_orders": 1266,
    "filled_orders": 627,
    "risk_triggers": 334
  }
}
