{
  "timestamp": "2025-11-25T19:02:40+00:00",
  "position": {
    "quantity": 0.228000,
    "entry_price": 2930.8561,
    "mark_price": 2918.9801,
    "unrealized_pnl": -2.7077
  },
  "balance": {
    "total": 201.59940279,
    "available": 132.31839352
  },
  "statistics": {
    "total_orders": 1266,
    "filled_orders": 627,
    "risk_triggers": 334
  }
}
