{
  "timestamp": "2025-11-26T02:32:54+00:00",
  "position": {
    "quantity": -0.288000,
    "entry_price": 2928.9483,
    "mark_price": 2959.9329,
    "unrealized_pnl": -8.9236
  },
  "balance": {
    "total": 206.08162694,
    "available": 111.89267804
  },
  "statistics": {
    "total_orders": 1266,
    "filled_orders": 627,
    "risk_triggers": 334
  }
}
