{
  "timestamp": "2025-11-25T16:32:55+00:00",
  "position": {
    "quantity": -0.016000,
    "entry_price": 2928.2675,
    "mark_price": 2929.6700,
    "unrealized_pnl": -0.0224
  },
  "balance": {
    "total": 89.22394682,
    "available": 84.49419532
  },
  "statistics": {
    "total_orders": 1266,
    "filled_orders": 627,
    "risk_triggers": 334
  }
}
