{
  "timestamp": "2025-11-26T06:04:24+00:00",
  "position": {
    "quantity": -0.234000,
    "entry_price": 2939.1205,
    "mark_price": 2945.8800,
    "unrealized_pnl": -1.5817
  },
  "balance": {
    "total": 197.81195350,
    "available": 127.29663499
  },
  "statistics": {
    "total_orders": 1266,
    "filled_orders": 627,
    "risk_triggers": 334
  }
}
