{
  "timestamp": "2025-11-25T21:39:40+00:00",
  "position": {
    "quantity": 0.096000,
    "entry_price": 2933.0090,
    "mark_price": 2934.0805,
    "unrealized_pnl": 0.1029
  },
  "balance": {
    "total": 203.86409176,
    "available": 147.35159373
  },
  "statistics": {
    "total_orders": 1266,
    "filled_orders": 627,
    "risk_triggers": 334
  }
}
