{
  "timestamp": "2025-11-25T17:45:02+00:00",
  "position": {
    "quantity": 0.036000,
    "entry_price": 2941.4498,
    "mark_price": 2941.7900,
    "unrealized_pnl": 0.0122
  },
  "balance": {
    "total": 199.68029542,
    "available": 167.99773630
  },
  "statistics": {
    "total_orders": 1266,
    "filled_orders": 627,
    "risk_triggers": 334
  }
}
