{
  "timestamp": "2025-11-26T03:40:52+00:00",
  "position": {
    "quantity": -0.288000,
    "entry_price": 2928.9483,
    "mark_price": 2934.3000,
    "unrealized_pnl": -1.5413
  },
  "balance": {
    "total": 206.08162694,
    "available": 120.00658694
  },
  "statistics": {
    "total_orders": 1266,
    "filled_orders": 627,
    "risk_triggers": 334
  }
}
