{
  "timestamp": "2025-11-25T21:53:44+00:00",
  "position": {
    "quantity": -0.204000,
    "entry_price": 2940.1408,
    "mark_price": 2935.8900,
    "unrealized_pnl": 0.8672
  },
  "balance": {
    "total": 204.14867088,
    "available": 134.51022747
  },
  "statistics": {
    "total_orders": 1266,
    "filled_orders": 627,
    "risk_triggers": 334
  }
}
