{
  "timestamp": "2025-11-26T04:56:38+00:00",
  "position": {
    "quantity": -0.036000,
    "entry_price": 2929.9100,
    "mark_price": 2929.9900,
    "unrealized_pnl": -0.0029
  },
  "balance": {
    "total": 199.98868342,
    "available": 170.94732642
  },
  "statistics": {
    "total_orders": 1266,
    "filled_orders": 627,
    "risk_triggers": 334
  }
}
