{
  "timestamp": "2025-11-25T19:28:00+00:00",
  "position": {
    "quantity": 0.228000,
    "entry_price": 2930.8561,
    "mark_price": 2878.7679,
    "unrealized_pnl": -11.8761
  },
  "balance": {
    "total": 201.59940279,
    "available": 124.00616072
  },
  "statistics": {
    "total_orders": 1266,
    "filled_orders": 627,
    "risk_triggers": 334
  }
}
