{
  "timestamp": "2025-11-26T04:58:39+00:00",
  "position": {
    "quantity": -0.018000,
    "entry_price": 2929.4350,
    "mark_price": 2929.5070,
    "unrealized_pnl": -0.0013
  },
  "balance": {
    "total": 199.99493237,
    "available": 163.02907616
  },
  "statistics": {
    "total_orders": 1266,
    "filled_orders": 627,
    "risk_triggers": 334
  }
}
