{
  "timestamp": "2025-11-26T03:28:43+00:00",
  "position": {
    "quantity": -0.288000,
    "entry_price": 2928.9483,
    "mark_price": 2958.7600,
    "unrealized_pnl": -8.5858
  },
  "balance": {
    "total": 206.08162694,
    "available": 112.25477894
  },
  "statistics": {
    "total_orders": 1266,
    "filled_orders": 627,
    "risk_triggers": 334
  }
}
