{
  "timestamp": "2025-11-26T05:11:46+00:00",
  "position": {
    "quantity": -0.270000,
    "entry_price": 2931.1172,
    "mark_price": 2935.0300,
    "unrealized_pnl": -1.0564
  },
  "balance": {
    "total": 200.01916923,
    "available": 119.71691460
  },
  "statistics": {
    "total_orders": 1266,
    "filled_orders": 627,
    "risk_triggers": 334
  }
}
