{
  "timestamp": "2025-11-25T20:54:27+00:00",
  "position": {
    "quantity": 0.132000,
    "entry_price": 2934.2191,
    "mark_price": 2932.6413,
    "unrealized_pnl": -0.2083
  },
  "balance": {
    "total": 203.31584497,
    "available": 160.77537206
  },
  "statistics": {
    "total_orders": 1266,
    "filled_orders": 627,
    "risk_triggers": 334
  }
}
