{
  "timestamp": "2025-11-25T17:53:56+00:00",
  "position": {
    "quantity": -0.096000,
    "entry_price": 2944.1859,
    "mark_price": 2943.4427,
    "unrealized_pnl": 0.0714
  },
  "balance": {
    "total": 199.81333218,
    "available": 139.73941871
  },
  "statistics": {
    "total_orders": 1266,
    "filled_orders": 627,
    "risk_triggers": 334
  }
}
