{
  "timestamp": "2025-11-25T22:02:57+00:00",
  "position": {
    "quantity": 0.084000,
    "entry_price": 2920.2968,
    "mark_price": 2918.3300,
    "unrealized_pnl": -0.1652
  },
  "balance": {
    "total": 205.80463141,
    "available": 163.27007680
  },
  "statistics": {
    "total_orders": 1266,
    "filled_orders": 627,
    "risk_triggers": 334
  }
}
