{
  "timestamp": "2025-11-25T19:32:03+00:00",
  "position": {
    "quantity": 0.228000,
    "entry_price": 2930.8561,
    "mark_price": 2883.3100,
    "unrealized_pnl": -10.8405
  },
  "balance": {
    "total": 201.59940279,
    "available": 125.04533552
  },
  "statistics": {
    "total_orders": 1266,
    "filled_orders": 627,
    "risk_triggers": 334
  }
}
