{
  "timestamp": "2025-11-26T01:37:28+00:00",
  "position": {
    "quantity": -0.288000,
    "entry_price": 2928.9483,
    "mark_price": 2966.3877,
    "unrealized_pnl": -10.7825
  },
  "balance": {
    "total": 206.08162694,
    "available": 109.86713444
  },
  "statistics": {
    "total_orders": 1266,
    "filled_orders": 627,
    "risk_triggers": 334
  }
}
