{
  "timestamp": "2025-11-26T04:13:12+00:00",
  "position": {
    "quantity": -0.180000,
    "entry_price": 2928.9483,
    "mark_price": 2921.3991,
    "unrealized_pnl": 1.3589
  },
  "balance": {
    "total": 206.87656694,
    "available": 155.59968357
  },
  "statistics": {
    "total_orders": 1266,
    "filled_orders": 627,
    "risk_triggers": 334
  }
}
