{
  "timestamp": "2025-11-25T15:09:10+00:00",
  "position": {
    "quantity": -0.016000,
    "entry_price": 2873.2050,
    "mark_price": 2872.5765,
    "unrealized_pnl": 0.0101
  },
  "balance": {
    "total": 91.04720296,
    "available": 86.46113648
  },
  "statistics": {
    "total_orders": 1266,
    "filled_orders": 627,
    "risk_triggers": 334
  }
}
