{
  "timestamp": "2025-11-25T20:18:17+00:00",
  "position": {
    "quantity": 0.156000,
    "entry_price": 2930.8561,
    "mark_price": 2932.3906,
    "unrealized_pnl": 0.2394
  },
  "balance": {
    "total": 201.76828611,
    "available": 156.26238677
  },
  "statistics": {
    "total_orders": 1266,
    "filled_orders": 627,
    "risk_triggers": 334
  }
}
