{
  "timestamp": "2025-11-26T01:20:14+00:00",
  "position": {
    "quantity": -0.288000,
    "entry_price": 2928.9483,
    "mark_price": 2948.9876,
    "unrealized_pnl": -5.7713
  },
  "balance": {
    "total": 206.08162694,
    "available": 115.37948770
  },
  "statistics": {
    "total_orders": 1266,
    "filled_orders": 627,
    "risk_triggers": 334
  }
}
