{
  "timestamp": "2025-11-25T18:53:36+00:00",
  "position": {
    "quantity": 0.120000,
    "entry_price": 2932.8035,
    "mark_price": 2932.4300,
    "unrealized_pnl": -0.0448
  },
  "balance": {
    "total": 201.71141776,
    "available": 148.86391017
  },
  "statistics": {
    "total_orders": 1266,
    "filled_orders": 627,
    "risk_triggers": 334
  }
}
