{
  "timestamp": "2025-11-26T02:47:12+00:00",
  "position": {
    "quantity": -0.288000,
    "entry_price": 2928.9483,
    "mark_price": 2959.8905,
    "unrealized_pnl": -8.9114
  },
  "balance": {
    "total": 206.08162694,
    "available": 111.92542251
  },
  "statistics": {
    "total_orders": 1266,
    "filled_orders": 627,
    "risk_triggers": 334
  }
}
