{
  "timestamp": "2025-11-26T01:30:26+00:00",
  "position": {
    "quantity": -0.288000,
    "entry_price": 2928.9483,
    "mark_price": 2955.5869,
    "unrealized_pnl": -7.6719
  },
  "balance": {
    "total": 206.08162694,
    "available": 112.99004293
  },
  "statistics": {
    "total_orders": 1266,
    "filled_orders": 627,
    "risk_triggers": 334
  }
}
