{
  "timestamp": "2025-11-25T15:08:08+00:00",
  "position": {
    "quantity": 0.000000,
    "entry_price": 0.0000,
    "mark_price": 2870.1500,
    "unrealized_pnl": 0.0000
  },
  "balance": {
    "total": 91.09576733,
    "available": 91.09576733
  },
  "statistics": {
    "total_orders": 1266,
    "filled_orders": 627,
    "risk_triggers": 334
  }
}
