{
  "timestamp": "2025-11-26T05:21:50+00:00",
  "position": {
    "quantity": -0.270000,
    "entry_price": 2931.1172,
    "mark_price": 2941.9340,
    "unrealized_pnl": -2.9205
  },
  "balance": {
    "total": 200.01916923,
    "available": 117.66641742
  },
  "statistics": {
    "total_orders": 1266,
    "filled_orders": 627,
    "risk_triggers": 334
  }
}
