{
  "timestamp": "2025-11-25T19:20:56+00:00",
  "position": {
    "quantity": 0.228000,
    "entry_price": 2930.8561,
    "mark_price": 2882.4400,
    "unrealized_pnl": -11.0389
  },
  "balance": {
    "total": 201.59940279,
    "available": 124.81354799
  },
  "statistics": {
    "total_orders": 1266,
    "filled_orders": 627,
    "risk_triggers": 334
  }
}
