{
  "timestamp": "2025-11-25T21:28:37+00:00",
  "position": {
    "quantity": -0.060000,
    "entry_price": 2935.7715,
    "mark_price": 2935.5011,
    "unrealized_pnl": 0.0162
  },
  "balance": {
    "total": 203.54629586,
    "available": 115.29321825
  },
  "statistics": {
    "total_orders": 1266,
    "filled_orders": 627,
    "risk_triggers": 334
  }
}
