{
  "timestamp": "2025-11-26T02:08:47+00:00",
  "position": {
    "quantity": -0.288000,
    "entry_price": 2928.9483,
    "mark_price": 2970.1100,
    "unrealized_pnl": -11.8546
  },
  "balance": {
    "total": 206.08162694,
    "available": 108.67637894
  },
  "statistics": {
    "total_orders": 1266,
    "filled_orders": 627,
    "risk_triggers": 334
  }
}
