{
  "timestamp": "2025-11-25T20:41:35+00:00",
  "position": {
    "quantity": 0.180000,
    "entry_price": 2932.7003,
    "mark_price": 2926.9123,
    "unrealized_pnl": -1.0418
  },
  "balance": {
    "total": 202.49245256,
    "available": 148.76037408
  },
  "statistics": {
    "total_orders": 1266,
    "filled_orders": 627,
    "risk_triggers": 334
  }
}
