{
  "timestamp": "2025-11-25T15:36:32+00:00",
  "position": {
    "quantity": -0.008000,
    "entry_price": 2894.4200,
    "mark_price": 2893.6374,
    "unrealized_pnl": 0.0063
  },
  "balance": {
    "total": 90.02705566,
    "available": 78.50586156
  },
  "statistics": {
    "total_orders": 1266,
    "filled_orders": 627,
    "risk_triggers": 334
  }
}
