{
  "timestamp": "2025-11-25T19:00:54+00:00",
  "position": {
    "quantity": 0.228000,
    "entry_price": 2930.8561,
    "mark_price": 2925.0400,
    "unrealized_pnl": -1.3261
  },
  "balance": {
    "total": 201.59940279,
    "available": 133.58242799
  },
  "statistics": {
    "total_orders": 1266,
    "filled_orders": 627,
    "risk_triggers": 334
  }
}
