{
  "timestamp": "2025-11-25T20:08:25+00:00",
  "position": {
    "quantity": 0.228000,
    "entry_price": 2930.8561,
    "mark_price": 2929.4945,
    "unrealized_pnl": -0.3104
  },
  "balance": {
    "total": 201.59940279,
    "available": 134.49649791
  },
  "statistics": {
    "total_orders": 1266,
    "filled_orders": 627,
    "risk_triggers": 334
  }
}
