{
  "timestamp": "2025-11-25T18:50:48+00:00",
  "position": {
    "quantity": 0.108000,
    "entry_price": 2937.1807,
    "mark_price": 2933.1300,
    "unrealized_pnl": -0.4375
  },
  "balance": {
    "total": 202.07073927,
    "available": 162.93001000
  },
  "statistics": {
    "total_orders": 1266,
    "filled_orders": 627,
    "risk_triggers": 334
  }
}
