{
  "timestamp": "2025-11-25T20:33:33+00:00",
  "position": {
    "quantity": 0.084000,
    "entry_price": 2937.5329,
    "mark_price": 2936.0483,
    "unrealized_pnl": -0.1247
  },
  "balance": {
    "total": 202.93482787,
    "available": 171.06622655
  },
  "statistics": {
    "total_orders": 1266,
    "filled_orders": 627,
    "risk_triggers": 334
  }
}
