{
  "timestamp": "2025-11-25T21:40:40+00:00",
  "position": {
    "quantity": 0.024000,
    "entry_price": 2935.3800,
    "mark_price": 2935.4467,
    "unrealized_pnl": 0.0016
  },
  "balance": {
    "total": 204.05750485,
    "available": 133.38522783
  },
  "statistics": {
    "total_orders": 1266,
    "filled_orders": 627,
    "risk_triggers": 334
  }
}
