{
  "timestamp": "2025-11-25T22:42:09+00:00",
  "position": {
    "quantity": -0.288000,
    "entry_price": 2928.9483,
    "mark_price": 2947.3610,
    "unrealized_pnl": -5.3028
  },
  "balance": {
    "total": 206.08952311,
    "available": 115.90373135
  },
  "statistics": {
    "total_orders": 1266,
    "filled_orders": 627,
    "risk_triggers": 334
  }
}
