{
  "timestamp": "2025-11-25T22:01:46+00:00",
  "position": {
    "quantity": 0.024000,
    "entry_price": 2923.6585,
    "mark_price": 2923.3900,
    "unrealized_pnl": -0.0064
  },
  "balance": {
    "total": 205.92198784,
    "available": 156.57284778
  },
  "statistics": {
    "total_orders": 1266,
    "filled_orders": 627,
    "risk_triggers": 334
  }
}
