{
  "timestamp": "2025-11-25T21:20:46+00:00",
  "position": {
    "quantity": 0.096000,
    "entry_price": 2931.8169,
    "mark_price": 2931.4700,
    "unrealized_pnl": -0.0333
  },
  "balance": {
    "total": 203.36909831,
    "available": 157.30773698
  },
  "statistics": {
    "total_orders": 1266,
    "filled_orders": 627,
    "risk_triggers": 334
  }
}
