{
  "timestamp": "2025-11-26T04:04:07+00:00",
  "position": {
    "quantity": -0.192000,
    "entry_price": 2928.9483,
    "mark_price": 2930.7051,
    "unrealized_pnl": -0.3373
  },
  "balance": {
    "total": 206.74878694,
    "available": 150.14195253
  },
  "statistics": {
    "total_orders": 1266,
    "filled_orders": 627,
    "risk_triggers": 334
  }
}
