{
  "timestamp": "2025-11-25T15:30:28+00:00",
  "position": {
    "quantity": -0.032000,
    "entry_price": 2886.9376,
    "mark_price": 2893.8140,
    "unrealized_pnl": -0.2200
  },
  "balance": {
    "total": 90.55436120,
    "available": 81.07411159
  },
  "statistics": {
    "total_orders": 1266,
    "filled_orders": 627,
    "risk_triggers": 334
  }
}
