{
  "timestamp": "2025-11-26T02:22:56+00:00",
  "position": {
    "quantity": -0.288000,
    "entry_price": 2928.9483,
    "mark_price": 2963.8900,
    "unrealized_pnl": -10.0632
  },
  "balance": {
    "total": 206.08162694,
    "available": 110.63305093
  },
  "statistics": {
    "total_orders": 1266,
    "filled_orders": 627,
    "risk_triggers": 334
  }
}
