{
  "timestamp": "2025-11-25T23:44:21+00:00",
  "position": {
    "quantity": -0.288000,
    "entry_price": 2928.9483,
    "mark_price": 2966.5000,
    "unrealized_pnl": -10.8149
  },
  "balance": {
    "total": 206.08952311,
    "available": 109.79624311
  },
  "statistics": {
    "total_orders": 1266,
    "filled_orders": 627,
    "risk_triggers": 334
  }
}
