{
  "timestamp": "2025-11-25T17:57:58+00:00",
  "position": {
    "quantity": -0.024000,
    "entry_price": 2940.6400,
    "mark_price": 2940.8351,
    "unrealized_pnl": -0.0047
  },
  "balance": {
    "total": 200.00320761,
    "available": 150.46035027
  },
  "statistics": {
    "total_orders": 1266,
    "filled_orders": 627,
    "risk_triggers": 334
  }
}
