{
  "timestamp": "2025-11-26T04:24:18+00:00",
  "position": {
    "quantity": 0.000000,
    "entry_price": 0.0000,
    "mark_price": 2932.8126,
    "unrealized_pnl": 0.0000
  },
  "balance": {
    "total": 207.28353832,
    "available": 207.28353832
  },
  "statistics": {
    "total_orders": 1266,
    "filled_orders": 627,
    "risk_triggers": 334
  }
}
