{
  "timestamp": "2025-11-26T00:22:47+00:00",
  "position": {
    "quantity": -0.288000,
    "entry_price": 2928.9483,
    "mark_price": 2966.5795,
    "unrealized_pnl": -10.8378
  },
  "balance": {
    "total": 206.08162694,
    "available": 109.80637421
  },
  "statistics": {
    "total_orders": 1266,
    "filled_orders": 627,
    "risk_triggers": 334
  }
}
