{
  "timestamp": "2025-11-26T05:01:43+00:00",
  "position": {
    "quantity": -0.036000,
    "entry_price": 2930.2508,
    "mark_price": 2930.2500,
    "unrealized_pnl": 0.0000
  },
  "balance": {
    "total": 200.02844896,
    "available": 155.14523676
  },
  "statistics": {
    "total_orders": 1266,
    "filled_orders": 627,
    "risk_triggers": 334
  }
}
