{
  "timestamp": "2025-11-25T16:34:55+00:00",
  "position": {
    "quantity": 0.008000,
    "entry_price": 2924.6700,
    "mark_price": 2924.1299,
    "unrealized_pnl": -0.0043
  },
  "balance": {
    "total": 89.35319372,
    "available": 79.96247857
  },
  "statistics": {
    "total_orders": 1266,
    "filled_orders": 627,
    "risk_triggers": 334
  }
}
