{
  "timestamp": "2025-11-26T04:01:06+00:00",
  "position": {
    "quantity": -0.192000,
    "entry_price": 2928.9483,
    "mark_price": 2927.1062,
    "unrealized_pnl": 0.3537
  },
  "balance": {
    "total": 206.74878694,
    "available": 150.90204094
  },
  "statistics": {
    "total_orders": 1266,
    "filled_orders": 627,
    "risk_triggers": 334
  }
}
