{
  "timestamp": "2025-11-25T22:20:52+00:00",
  "position": {
    "quantity": 0.036000,
    "entry_price": 2922.0473,
    "mark_price": 2922.1900,
    "unrealized_pnl": 0.0051
  },
  "balance": {
    "total": 206.04631606,
    "available": 146.16566168
  },
  "statistics": {
    "total_orders": 1266,
    "filled_orders": 627,
    "risk_triggers": 334
  }
}
