{
  "timestamp": "2025-11-25T22:23:52+00:00",
  "position": {
    "quantity": 0.012000,
    "entry_price": 2921.5411,
    "mark_price": 2921.6400,
    "unrealized_pnl": 0.0012
  },
  "balance": {
    "total": 206.09238152,
    "available": 142.70563018
  },
  "statistics": {
    "total_orders": 1266,
    "filled_orders": 627,
    "risk_triggers": 334
  }
}
