{
  "timestamp": "2025-11-26T03:10:28+00:00",
  "position": {
    "quantity": -0.288000,
    "entry_price": 2928.9483,
    "mark_price": 2951.4631,
    "unrealized_pnl": -6.4843
  },
  "balance": {
    "total": 206.08162694,
    "available": 114.59523773
  },
  "statistics": {
    "total_orders": 1266,
    "filled_orders": 627,
    "risk_triggers": 334
  }
}
