{
  "timestamp": "2025-11-25T18:33:23+00:00",
  "position": {
    "quantity": -0.180000,
    "entry_price": 2946.6755,
    "mark_price": 2954.1129,
    "unrealized_pnl": -1.3387
  },
  "balance": {
    "total": 201.25259966,
    "available": 146.73983685
  },
  "statistics": {
    "total_orders": 1266,
    "filled_orders": 627,
    "risk_triggers": 334
  }
}
