{
  "timestamp": "2025-11-25T18:02:01+00:00",
  "position": {
    "quantity": 0.132000,
    "entry_price": 2937.4957,
    "mark_price": 2938.2200,
    "unrealized_pnl": 0.0956
  },
  "balance": {
    "total": 199.97113071,
    "available": 136.63219623
  },
  "statistics": {
    "total_orders": 1266,
    "filled_orders": 627,
    "risk_triggers": 334
  }
}
