{
  "timestamp": "2025-11-25T18:19:13+00:00",
  "position": {
    "quantity": -0.144000,
    "entry_price": 2948.2804,
    "mark_price": 2949.6896,
    "unrealized_pnl": -0.2029
  },
  "balance": {
    "total": 200.69611699,
    "available": 147.38152777
  },
  "statistics": {
    "total_orders": 1266,
    "filled_orders": 627,
    "risk_triggers": 334
  }
}
