{
  "timestamp": "2025-11-26T03:19:38+00:00",
  "position": {
    "quantity": -0.288000,
    "entry_price": 2928.9483,
    "mark_price": 2958.7392,
    "unrealized_pnl": -8.5798
  },
  "balance": {
    "total": 206.08162694,
    "available": 112.19897084
  },
  "statistics": {
    "total_orders": 1266,
    "filled_orders": 627,
    "risk_triggers": 334
  }
}
