{
  "timestamp": "2025-11-25T14:36:36+00:00",
  "position": {
    "quantity": 0.024000,
    "entry_price": 2905.7104,
    "mark_price": 2905.4926,
    "unrealized_pnl": -0.0052
  },
  "balance": {
    "total": 92.24682238,
    "available": 85.23621017
  },
  "statistics": {
    "total_orders": 1266,
    "filled_orders": 627,
    "risk_triggers": 334
  }
}
