{
  "timestamp": "2025-11-25T20:09:14+00:00",
  "position": {
    "quantity": 0.228000,
    "entry_price": 2930.8561,
    "mark_price": 2926.2900,
    "unrealized_pnl": -1.0411
  },
  "balance": {
    "total": 201.59940279,
    "available": 133.72492798
  },
  "statistics": {
    "total_orders": 1266,
    "filled_orders": 627,
    "risk_triggers": 334
  }
}
