{
  "timestamp": "2025-11-26T04:57:39+00:00",
  "position": {
    "quantity": 0.000000,
    "entry_price": 0.0000,
    "mark_price": 2930.0582,
    "unrealized_pnl": 0.0000
  },
  "balance": {
    "total": 199.98166342,
    "available": 160.43867942
  },
  "statistics": {
    "total_orders": 1266,
    "filled_orders": 627,
    "risk_triggers": 334
  }
}
