{
  "timestamp": "2025-11-26T03:03:28+00:00",
  "position": {
    "quantity": -0.288000,
    "entry_price": 2928.9483,
    "mark_price": 2954.2060,
    "unrealized_pnl": -7.2742
  },
  "balance": {
    "total": 206.08162694,
    "available": 113.72628326
  },
  "statistics": {
    "total_orders": 1266,
    "filled_orders": 627,
    "risk_triggers": 334
  }
}
