{
  "timestamp": "2025-11-26T03:33:47+00:00",
  "position": {
    "quantity": -0.288000,
    "entry_price": 2928.9483,
    "mark_price": 2941.9915,
    "unrealized_pnl": -3.7564
  },
  "balance": {
    "total": 206.08162694,
    "available": 117.59582977
  },
  "statistics": {
    "total_orders": 1266,
    "filled_orders": 627,
    "risk_triggers": 334
  }
}
