{
  "timestamp": "2025-11-25T23:28:31+00:00",
  "position": {
    "quantity": -0.288000,
    "entry_price": 2928.9483,
    "mark_price": 2963.6411,
    "unrealized_pnl": -9.9915
  },
  "balance": {
    "total": 206.08952311,
    "available": 110.72965111
  },
  "statistics": {
    "total_orders": 1266,
    "filled_orders": 627,
    "risk_triggers": 334
  }
}
