{
  "timestamp": "2025-11-26T05:30:00+00:00",
  "position": {
    "quantity": -0.171000,
    "entry_price": 2938.2328,
    "mark_price": 2939.4500,
    "unrealized_pnl": -0.2081
  },
  "balance": {
    "total": 197.87374347,
    "available": 115.61407346
  },
  "statistics": {
    "total_orders": 1266,
    "filled_orders": 627,
    "risk_triggers": 334
  }
}
