{
  "timestamp": "2025-11-25T21:30:49+00:00",
  "position": {
    "quantity": -0.024000,
    "entry_price": 2936.0367,
    "mark_price": 2936.3500,
    "unrealized_pnl": -0.0075
  },
  "balance": {
    "total": 203.74194630,
    "available": 140.14624491
  },
  "statistics": {
    "total_orders": 1266,
    "filled_orders": 627,
    "risk_triggers": 334
  }
}
