{
  "timestamp": "2025-11-25T20:25:31+00:00",
  "position": {
    "quantity": 0.204000,
    "entry_price": 2932.7138,
    "mark_price": 2925.0200,
    "unrealized_pnl": -1.5695
  },
  "balance": {
    "total": 202.18658409,
    "available": 140.94664231
  },
  "statistics": {
    "total_orders": 1266,
    "filled_orders": 627,
    "risk_triggers": 334
  }
}
