{
  "timestamp": "2025-11-25T18:51:34+00:00",
  "position": {
    "quantity": 0.072000,
    "entry_price": 2935.7719,
    "mark_price": 2933.6900,
    "unrealized_pnl": -0.1499
  },
  "balance": {
    "total": 201.92369037,
    "available": 163.06605304
  },
  "statistics": {
    "total_orders": 1266,
    "filled_orders": 627,
    "risk_triggers": 334
  }
}
