{
  "timestamp": "2025-11-25T17:29:51+00:00",
  "position": {
    "quantity": 0.096000,
    "entry_price": 2929.0267,
    "mark_price": 2928.9000,
    "unrealized_pnl": -0.0122
  },
  "balance": {
    "total": 199.81337423,
    "available": 164.64589443
  },
  "statistics": {
    "total_orders": 1266,
    "filled_orders": 627,
    "risk_triggers": 334
  }
}
