{
  "timestamp": "2025-11-25T16:49:06+00:00",
  "position": {
    "quantity": -0.016000,
    "entry_price": 2922.8475,
    "mark_price": 2922.8418,
    "unrealized_pnl": 0.0001
  },
  "balance": {
    "total": 89.11206624,
    "available": 56.29549691
  },
  "statistics": {
    "total_orders": 1266,
    "filled_orders": 627,
    "risk_triggers": 334
  }
}
