{
  "timestamp": "2025-11-25T23:27:16+00:00",
  "position": {
    "quantity": -0.288000,
    "entry_price": 2928.9483,
    "mark_price": 2965.5700,
    "unrealized_pnl": -10.5470
  },
  "balance": {
    "total": 206.08952311,
    "available": 110.20088311
  },
  "statistics": {
    "total_orders": 1266,
    "filled_orders": 627,
    "risk_triggers": 334
  }
}
