{
  "timestamp": "2025-11-25T21:11:32+00:00",
  "position": {
    "quantity": 0.168000,
    "entry_price": 2929.8396,
    "mark_price": 2928.0291,
    "unrealized_pnl": -0.3042
  },
  "balance": {
    "total": 202.94775310,
    "available": 153.32685377
  },
  "statistics": {
    "total_orders": 1266,
    "filled_orders": 627,
    "risk_triggers": 334
  }
}
