{
  "timestamp": "2025-11-25T16:19:06+00:00",
  "position": {
    "quantity": -0.077000,
    "entry_price": 2900.2157,
    "mark_price": 2903.5400,
    "unrealized_pnl": -0.2560
  },
  "balance": {
    "total": 89.76740564,
    "available": 63.00805759
  },
  "statistics": {
    "total_orders": 1266,
    "filled_orders": 627,
    "risk_triggers": 334
  }
}
