{
  "timestamp": "2025-11-25T18:52:49+00:00",
  "position": {
    "quantity": 0.132000,
    "entry_price": 2933.3462,
    "mark_price": 2932.4300,
    "unrealized_pnl": -0.1209
  },
  "balance": {
    "total": 201.78298227,
    "available": 148.89961012
  },
  "statistics": {
    "total_orders": 1266,
    "filled_orders": 627,
    "risk_triggers": 334
  }
}
