{
  "timestamp": "2025-11-26T02:42:08+00:00",
  "position": {
    "quantity": -0.288000,
    "entry_price": 2928.9483,
    "mark_price": 2967.9300,
    "unrealized_pnl": -11.2267
  },
  "balance": {
    "total": 206.08162694,
    "available": 109.37852294
  },
  "statistics": {
    "total_orders": 1266,
    "filled_orders": 627,
    "risk_triggers": 334
  }
}
