{
  "timestamp": "2025-11-25T19:57:11+00:00",
  "position": {
    "quantity": 0.228000,
    "entry_price": 2930.8561,
    "mark_price": 2920.2700,
    "unrealized_pnl": -2.4136
  },
  "balance": {
    "total": 201.59940279,
    "available": 132.56030399
  },
  "statistics": {
    "total_orders": 1266,
    "filled_orders": 627,
    "risk_triggers": 334
  }
}
