{
  "timestamp": "2025-11-25T23:00:14+00:00",
  "position": {
    "quantity": -0.288000,
    "entry_price": 2928.9483,
    "mark_price": 2972.0900,
    "unrealized_pnl": -12.4248
  },
  "balance": {
    "total": 206.08952311,
    "available": 107.85080311
  },
  "statistics": {
    "total_orders": 1266,
    "filled_orders": 627,
    "risk_triggers": 334
  }
}
