{
  "timestamp": "2025-11-26T03:25:40+00:00",
  "position": {
    "quantity": -0.288000,
    "entry_price": 2928.9483,
    "mark_price": 2960.4489,
    "unrealized_pnl": -9.0722
  },
  "balance": {
    "total": 206.08162694,
    "available": 111.71227877
  },
  "statistics": {
    "total_orders": 1266,
    "filled_orders": 627,
    "risk_triggers": 334
  }
}
