{
  "timestamp": "2025-11-25T20:35:33+00:00",
  "position": {
    "quantity": 0.120000,
    "entry_price": 2933.5917,
    "mark_price": 2933.6700,
    "unrealized_pnl": 0.0094
  },
  "balance": {
    "total": 202.50879801,
    "available": 156.76137995
  },
  "statistics": {
    "total_orders": 1266,
    "filled_orders": 627,
    "risk_triggers": 334
  }
}
