{
  "timestamp": "2025-11-25T22:07:48+00:00",
  "position": {
    "quantity": 0.144000,
    "entry_price": 2916.8167,
    "mark_price": 2915.0104,
    "unrealized_pnl": -0.2601
  },
  "balance": {
    "total": 205.52944527,
    "available": 159.29232920
  },
  "statistics": {
    "total_orders": 1266,
    "filled_orders": 627,
    "risk_triggers": 334
  }
}
