{
  "timestamp": "2025-11-26T00:26:49+00:00",
  "position": {
    "quantity": -0.288000,
    "entry_price": 2928.9483,
    "mark_price": 2959.1200,
    "unrealized_pnl": -8.6894
  },
  "balance": {
    "total": 206.08162694,
    "available": 112.12057094
  },
  "statistics": {
    "total_orders": 1266,
    "filled_orders": 627,
    "risk_triggers": 334
  }
}
