{
  "timestamp": "2025-11-25T21:29:37+00:00",
  "position": {
    "quantity": -0.036000,
    "entry_price": 2935.0210,
    "mark_price": 2935.2784,
    "unrealized_pnl": -0.0093
  },
  "balance": {
    "total": 203.58499164,
    "available": 108.24185106
  },
  "statistics": {
    "total_orders": 1266,
    "filled_orders": 627,
    "risk_triggers": 334
  }
}
