{
  "timestamp": "2025-11-25T19:21:56+00:00",
  "position": {
    "quantity": 0.228000,
    "entry_price": 2930.8561,
    "mark_price": 2876.4100,
    "unrealized_pnl": -12.4137
  },
  "balance": {
    "total": 201.59940279,
    "available": 123.60355199
  },
  "statistics": {
    "total_orders": 1266,
    "filled_orders": 627,
    "risk_triggers": 334
  }
}
