{
  "timestamp": "2025-11-25T21:25:36+00:00",
  "position": {
    "quantity": -0.036000,
    "entry_price": 2935.1957,
    "mark_price": 2934.9983,
    "unrealized_pnl": 0.0071
  },
  "balance": {
    "total": 203.52718687,
    "available": 132.89554468
  },
  "statistics": {
    "total_orders": 1266,
    "filled_orders": 627,
    "risk_triggers": 334
  }
}
