{
  "timestamp": "2025-11-26T03:56:01+00:00",
  "position": {
    "quantity": -0.192000,
    "entry_price": 2928.9483,
    "mark_price": 2924.6600,
    "unrealized_pnl": 0.8234
  },
  "balance": {
    "total": 206.74878694,
    "available": 151.41867493
  },
  "statistics": {
    "total_orders": 1266,
    "filled_orders": 627,
    "risk_triggers": 334
  }
}
