{
  "timestamp": "2025-11-25T19:23:58+00:00",
  "position": {
    "quantity": 0.228000,
    "entry_price": 2930.8561,
    "mark_price": 2872.9500,
    "unrealized_pnl": -13.2026
  },
  "balance": {
    "total": 201.59940279,
    "available": 122.89355999
  },
  "statistics": {
    "total_orders": 1266,
    "filled_orders": 627,
    "risk_triggers": 334
  }
}
