{
  "timestamp": "2025-11-25T19:39:06+00:00",
  "position": {
    "quantity": 0.228000,
    "entry_price": 2930.8561,
    "mark_price": 2891.1270,
    "unrealized_pnl": -9.0582
  },
  "balance": {
    "total": 201.59940279,
    "available": 126.53752333
  },
  "statistics": {
    "total_orders": 1266,
    "filled_orders": 627,
    "risk_triggers": 334
  }
}
