{
  "timestamp": "2025-11-25T14:11:17+00:00",
  "position": {
    "quantity": 0.016000,
    "entry_price": 2906.0450,
    "mark_price": 2905.9600,
    "unrealized_pnl": -0.0014
  },
  "balance": {
    "total": 92.62914586,
    "available": 87.97568985
  },
  "statistics": {
    "total_orders": 1266,
    "filled_orders": 627,
    "risk_triggers": 334
  }
}
