{
  "timestamp": "2025-11-26T02:58:23+00:00",
  "position": {
    "quantity": -0.288000,
    "entry_price": 2928.9483,
    "mark_price": 2956.4056,
    "unrealized_pnl": -7.9077
  },
  "balance": {
    "total": 206.08162694,
    "available": 113.03688817
  },
  "statistics": {
    "total_orders": 1266,
    "filled_orders": 627,
    "risk_triggers": 334
  }
}
