{
  "timestamp": "2025-11-25T18:25:30+00:00",
  "position": {
    "quantity": -0.180000,
    "entry_price": 2949.4935,
    "mark_price": 2949.3187,
    "unrealized_pnl": 0.0315
  },
  "balance": {
    "total": 200.66819914,
    "available": 147.61191639
  },
  "statistics": {
    "total_orders": 1266,
    "filled_orders": 627,
    "risk_triggers": 334
  }
}
