{
  "timestamp": "2025-11-25T21:36:50+00:00",
  "position": {
    "quantity": 0.084000,
    "entry_price": 2932.1773,
    "mark_price": 2934.0344,
    "unrealized_pnl": 0.1560
  },
  "balance": {
    "total": 203.79455905,
    "available": 140.29545595
  },
  "statistics": {
    "total_orders": 1266,
    "filled_orders": 627,
    "risk_triggers": 334
  }
}
