{
  "timestamp": "2025-11-25T18:21:27+00:00",
  "position": {
    "quantity": -0.192000,
    "entry_price": 2949.4935,
    "mark_price": 2953.4702,
    "unrealized_pnl": -0.7635
  },
  "balance": {
    "total": 200.65027767,
    "available": 143.12831272
  },
  "statistics": {
    "total_orders": 1266,
    "filled_orders": 627,
    "risk_triggers": 334
  }
}
