{
  "timestamp": "2025-11-25T22:21:03+00:00",
  "position": {
    "quantity": 0.024000,
    "entry_price": 2922.0330,
    "mark_price": 2922.4296,
    "unrealized_pnl": 0.0095
  },
  "balance": {
    "total": 206.04876387,
    "available": 146.17626063
  },
  "statistics": {
    "total_orders": 1266,
    "filled_orders": 627,
    "risk_triggers": 334
  }
}
