{
  "timestamp": "2025-11-25T21:57:45+00:00",
  "position": {
    "quantity": -0.060000,
    "entry_price": 2934.8124,
    "mark_price": 2929.8300,
    "unrealized_pnl": 0.2989
  },
  "balance": {
    "total": 205.64221458,
    "available": 160.13746237
  },
  "statistics": {
    "total_orders": 1266,
    "filled_orders": 627,
    "risk_triggers": 334
  }
}
