{
  "timestamp": "2025-11-25T21:26:48+00:00",
  "position": {
    "quantity": -0.024000,
    "entry_price": 2935.2501,
    "mark_price": 2936.1421,
    "unrealized_pnl": -0.0214
  },
  "balance": {
    "total": 203.50774501,
    "available": 125.78178039
  },
  "statistics": {
    "total_orders": 1266,
    "filled_orders": 627,
    "risk_triggers": 334
  }
}
