{
  "timestamp": "2025-11-25T17:27:40+00:00",
  "position": {
    "quantity": 0.048000,
    "entry_price": 2932.2100,
    "mark_price": 2929.8264,
    "unrealized_pnl": -0.1144
  },
  "balance": {
    "total": 199.97318818,
    "available": 185.78090136
  },
  "statistics": {
    "total_orders": 1266,
    "filled_orders": 627,
    "risk_triggers": 334
  }
}
