{
  "timestamp": "2025-11-25T17:44:01+00:00",
  "position": {
    "quantity": -0.048000,
    "entry_price": 2945.5719,
    "mark_price": 2945.0990,
    "unrealized_pnl": 0.0227
  },
  "balance": {
    "total": 199.60760139,
    "available": 164.24190261
  },
  "statistics": {
    "total_orders": 1266,
    "filled_orders": 627,
    "risk_triggers": 334
  }
}
