{
  "timestamp": "2025-11-25T23:19:11+00:00",
  "position": {
    "quantity": -0.288000,
    "entry_price": 2928.9483,
    "mark_price": 2968.6000,
    "unrealized_pnl": -11.4197
  },
  "balance": {
    "total": 206.08952311,
    "available": 109.15112311
  },
  "statistics": {
    "total_orders": 1266,
    "filled_orders": 627,
    "risk_triggers": 334
  }
}
