{
  "timestamp": "2025-11-25T20:06:25+00:00",
  "position": {
    "quantity": 0.228000,
    "entry_price": 2930.8561,
    "mark_price": 2915.9200,
    "unrealized_pnl": -3.4054
  },
  "balance": {
    "total": 201.59940279,
    "available": 131.71100399
  },
  "statistics": {
    "total_orders": 1266,
    "filled_orders": 627,
    "risk_triggers": 334
  }
}
