{
  "timestamp": "2025-11-25T17:49:03+00:00",
  "position": {
    "quantity": 0.108000,
    "entry_price": 2936.7756,
    "mark_price": 2938.6900,
    "unrealized_pnl": 0.2068
  },
  "balance": {
    "total": 199.51773394,
    "available": 150.39960709
  },
  "statistics": {
    "total_orders": 1266,
    "filled_orders": 627,
    "risk_triggers": 334
  }
}
