{
  "timestamp": "2025-11-25T18:28:32+00:00",
  "position": {
    "quantity": -0.156000,
    "entry_price": 2947.7123,
    "mark_price": 2947.3953,
    "unrealized_pnl": 0.0495
  },
  "balance": {
    "total": 201.09529453,
    "available": 155.20784367
  },
  "statistics": {
    "total_orders": 1266,
    "filled_orders": 627,
    "risk_triggers": 334
  }
}
