{
  "timestamp": "2025-11-26T02:45:03+00:00",
  "position": {
    "quantity": -0.288000,
    "entry_price": 2928.9483,
    "mark_price": 2963.0400,
    "unrealized_pnl": -9.8184
  },
  "balance": {
    "total": 206.08162694,
    "available": 110.91039493
  },
  "statistics": {
    "total_orders": 1266,
    "filled_orders": 627,
    "risk_triggers": 334
  }
}
