{
  "timestamp": "2025-11-26T05:29:57+00:00",
  "position": {
    "quantity": -0.153000,
    "entry_price": 2938.1225,
    "mark_price": 2939.2256,
    "unrealized_pnl": -0.1688
  },
  "balance": {
    "total": 197.87374347,
    "available": 115.64944271
  },
  "statistics": {
    "total_orders": 1266,
    "filled_orders": 627,
    "risk_triggers": 334
  }
}
