{
  "timestamp": "2025-11-25T20:26:19+00:00",
  "position": {
    "quantity": 0.204000,
    "entry_price": 2932.7138,
    "mark_price": 2928.4604,
    "unrealized_pnl": -0.8677
  },
  "balance": {
    "total": 202.18658409,
    "available": 141.47417717
  },
  "statistics": {
    "total_orders": 1266,
    "filled_orders": 627,
    "risk_triggers": 334
  }
}
