{
  "timestamp": "2025-11-25T23:38:20+00:00",
  "position": {
    "quantity": -0.288000,
    "entry_price": 2928.9483,
    "mark_price": 2961.7500,
    "unrealized_pnl": -9.4469
  },
  "balance": {
    "total": 206.08952311,
    "available": 111.33272311
  },
  "statistics": {
    "total_orders": 1266,
    "filled_orders": 627,
    "risk_triggers": 334
  }
}
