{
  "timestamp": "2025-11-25T14:13:17+00:00",
  "position": {
    "quantity": 0.000000,
    "entry_price": 0.0000,
    "mark_price": 2906.9900,
    "unrealized_pnl": 0.0000
  },
  "balance": {
    "total": 92.58445952,
    "available": 87.92021052
  },
  "statistics": {
    "total_orders": 1266,
    "filled_orders": 627,
    "risk_triggers": 334
  }
}
