{
  "timestamp": "2025-11-25T15:50:48+00:00",
  "position": {
    "quantity": -0.001000,
    "entry_price": 2894.9000,
    "mark_price": 2894.8500,
    "unrealized_pnl": 0.0001
  },
  "balance": {
    "total": 89.81748811,
    "available": 85.46776811
  },
  "statistics": {
    "total_orders": 1266,
    "filled_orders": 627,
    "risk_triggers": 334
  }
}
