{
  "timestamp": "2025-11-25T15:29:27+00:00",
  "position": {
    "quantity": -0.016000,
    "entry_price": 2880.7081,
    "mark_price": 2882.0000,
    "unrealized_pnl": -0.0207
  },
  "balance": {
    "total": 90.69785886,
    "available": 86.06598886
  },
  "statistics": {
    "total_orders": 1266,
    "filled_orders": 627,
    "risk_triggers": 334
  }
}
