{
  "timestamp": "2025-11-25T18:59:54+00:00",
  "position": {
    "quantity": 0.228000,
    "entry_price": 2930.8561,
    "mark_price": 2922.3406,
    "unrealized_pnl": -1.9415
  },
  "balance": {
    "total": 201.59940279,
    "available": 133.02837396
  },
  "statistics": {
    "total_orders": 1266,
    "filled_orders": 627,
    "risk_triggers": 334
  }
}
