{
  "timestamp": "2025-11-25T20:34:21+00:00",
  "position": {
    "quantity": 0.144000,
    "entry_price": 2935.2277,
    "mark_price": 2931.4300,
    "unrealized_pnl": -0.5469
  },
  "balance": {
    "total": 202.77329139,
    "available": 160.01383245
  },
  "statistics": {
    "total_orders": 1266,
    "filled_orders": 627,
    "risk_triggers": 334
  }
}
