{
  "timestamp": "2025-11-25T19:40:17+00:00",
  "position": {
    "quantity": 0.228000,
    "entry_price": 2930.8561,
    "mark_price": 2893.1888,
    "unrealized_pnl": -8.5881
  },
  "balance": {
    "total": 201.59940279,
    "available": 126.94195575
  },
  "statistics": {
    "total_orders": 1266,
    "filled_orders": 627,
    "risk_triggers": 334
  }
}
