{
  "timestamp": "2025-11-25T19:59:12+00:00",
  "position": {
    "quantity": 0.228000,
    "entry_price": 2930.8561,
    "mark_price": 2921.7132,
    "unrealized_pnl": -2.0846
  },
  "balance": {
    "total": 201.59940279,
    "available": 132.85799958
  },
  "statistics": {
    "total_orders": 1266,
    "filled_orders": 627,
    "risk_triggers": 334
  }
}
