{
  "timestamp": "2025-11-26T05:02:44+00:00",
  "position": {
    "quantity": -0.036000,
    "entry_price": 2930.2357,
    "mark_price": 2930.2563,
    "unrealized_pnl": -0.0007
  },
  "balance": {
    "total": 200.03703932,
    "available": 152.51513682
  },
  "statistics": {
    "total_orders": 1266,
    "filled_orders": 627,
    "risk_triggers": 334
  }
}
