{
  "timestamp": "2025-11-25T17:25:48+00:00",
  "position": {
    "quantity": -0.012000,
    "entry_price": 2934.0000,
    "mark_price": 2934.7600,
    "unrealized_pnl": -0.0091
  },
  "balance": {
    "total": 200.02178805,
    "available": 189.43689505
  },
  "statistics": {
    "total_orders": 1266,
    "filled_orders": 627,
    "risk_triggers": 334
  }
}
