{
  "timestamp": "2025-11-25T18:00:11+00:00",
  "position": {
    "quantity": 0.156000,
    "entry_price": 2937.5020,
    "mark_price": 2934.3600,
    "unrealized_pnl": -0.4901
  },
  "balance": {
    "total": 199.97138110,
    "available": 143.16804411
  },
  "statistics": {
    "total_orders": 1266,
    "filled_orders": 627,
    "risk_triggers": 334
  }
}
