{
  "timestamp": "2025-11-26T03:47:58+00:00",
  "position": {
    "quantity": -0.288000,
    "entry_price": 2928.9483,
    "mark_price": 2933.7000,
    "unrealized_pnl": -1.3685
  },
  "balance": {
    "total": 206.08162694,
    "available": 120.20530693
  },
  "statistics": {
    "total_orders": 1266,
    "filled_orders": 627,
    "risk_triggers": 334
  }
}
