{
  "timestamp": "2025-11-26T01:43:30+00:00",
  "position": {
    "quantity": -0.288000,
    "entry_price": 2928.9483,
    "mark_price": 2978.2600,
    "unrealized_pnl": -14.2018
  },
  "balance": {
    "total": 206.08162694,
    "available": 106.10597894
  },
  "statistics": {
    "total_orders": 1266,
    "filled_orders": 627,
    "risk_triggers": 334
  }
}
