{
  "timestamp": "2025-11-26T03:49:58+00:00",
  "position": {
    "quantity": -0.288000,
    "entry_price": 2928.9483,
    "mark_price": 2932.4566,
    "unrealized_pnl": -1.0104
  },
  "balance": {
    "total": 206.08162694,
    "available": 120.61648822
  },
  "statistics": {
    "total_orders": 1266,
    "filled_orders": 627,
    "risk_triggers": 334
  }
}
