{
  "timestamp": "2025-11-25T20:08:14+00:00",
  "position": {
    "quantity": 0.228000,
    "entry_price": 2930.8561,
    "mark_price": 2927.8272,
    "unrealized_pnl": -0.6906
  },
  "balance": {
    "total": 201.59940279,
    "available": 134.15435933
  },
  "statistics": {
    "total_orders": 1266,
    "filled_orders": 627,
    "risk_triggers": 334
  }
}
