{
  "timestamp": "2025-11-26T04:56:39+00:00",
  "position": {
    "quantity": -0.036000,
    "entry_price": 2929.9100,
    "mark_price": 2930.0900,
    "unrealized_pnl": -0.0065
  },
  "balance": {
    "total": 199.98742342,
    "available": 173.58214342
  },
  "statistics": {
    "total_orders": 1266,
    "filled_orders": 627,
    "risk_triggers": 334
  }
}
